口コミ,投稿日
送迎バスから急坂を上がりますが、湯の里の露天風呂は広々していて好きです。お部屋は、和洋室を選んでます。土地柄？天気もちょっと悪かったから？部屋が湿っぽい感じがしましたが、クーラーでなんとか。今回は、地下での食事でした。品数は満足、食べきれない〜と思いながら頂きました！肉がしっかり焼けたか？？あっ、火が消える！と言った心配はありましたが、やわらかい豚肉いただきました。アレルギーの子ども食は、変更していて下さいました。ありがとうございます。販売機で、水、麦茶を買いたかったのですが、水は売り切れ、麦茶は本館まで買いに行きました。もう少し種類があり、補充か、販売機で買えるようにしてほしいです。帰りのバスは、始発なので、本当に助かります！まだ行きます。２ヶ月連続で行きました！３ヶ月連続で行きたいです！,2023-08-30
家族3人で宿泊させていただきました。送迎バスがあるのでとても助かりました！夕食のお肉とお魚がとても美味しかったです。それぞれ量も丁度よく、食べ盛りのこどもが食べ足りなかったりすることなく大満足です。露天風呂は入る場所ごとに温度が違っていたので、のぼせやすい体質の私でもゆっくり入ることができました。朝風呂もオススメです！朝ごはんはバイキング形式で、ちゃんと部屋毎にテーブルをご用意していただけるのでゆっくり座りながらバイキングを楽しめました。納豆やお味噌汁、お魚もあってThe朝食って感じがして良かったです。スタッフの方も皆様とても親切で気持ち良かったです♪また箱根で旅行する際はおかださんにお世話になります！,2023-08-28
高台にあるため徒歩はかなりきつい。ホテルの場所、駐車場も分かりにくい。敷き布団が薄く二枚重ねて利用。隣の部屋、声などうるさい。お風呂は遠いが色々楽しめる。食事は料金なり。品数が寂しいかも。若い人向きのホテルかと思う。,2023-08-27
小田原城などを観光した後、翌日の大涌谷・芦ノ湖など箱根を観光するためにこちらのホテルを利用させて頂きました。車のナビは温泉町の奥へと案内するので、「どこに連れていかれるのだろう、、、」と思っていると「箱根の森おかだ」が現れました。外観は新しい感じはありませんでしたが、部屋は清潔感があり、広く、快適でした。このホテルは少し高台にあるので、部屋からの景色が良いです。ホテル内にプールもあり、子供連れにも良いと思いました。しかし、このホテルの一番のお勧めはやはり温泉です。内湯と色々な露天風呂があるので、それらの湯船をめぐるだけでも楽しめます。リーズナブルなお値段で、箱根観光と温泉を楽しみたい方には、お勧めです。もちろん、小さな子供連れの家族にも、お勧めだと思います。,2023-08-15
温泉がすごくよかったです！！温泉を売りにしたお宿な気がします！夕飯はとても良かったですが、朝食はバリエーションが不足してました。ただ、お部屋が残念でした。トイレのアンモニア臭がします。部屋を出る際に毎回カギを抜き取ることで、電源がOFFになるため空調してても意味ありません。スタッフさんはみなさん対応良かったです。,2023-08-14
初めて利用しましたが、露天風呂がとても気持ちよかったです。夕飯も種類豊富で美味しく、朝ごはんもバイキングで色々なおかずを食べれて満足でした。部屋も広く清潔感あり、スタッフの方も声かけるとすぐ対応していただき楽しい家族旅行でした。,2023-08-12
今回は夏休みという事もあり、プール付きという事でお世話になりました。幼児用プールやそのまま入れる温泉もあり、たくさん遊べました。また、温泉は露天にたくさんの種類があり、とても気持ち良く大満足でした。温泉だけでも価値はあります。またお世話になりたいです。,2023-08-12
家族で利用しました。ジャグジーやジェットバス、打たせ湯、色々なお風呂を楽しみました。隣のおかだホテルのお風呂も利用できますよ。お部屋も3人で利用するには十分広く、ゆったり過ごせました。仲居さんがいない分、自分たちのペースでのんびりできたのが逆によかったです。子どもの食事は大人と同じだと聞いていたのですが、一部のメニューがハンバーグになっていたり、子どもが苦手なメニューが抜いてあったりと、心遣いが感じられました。子連れ旅行にオススメです。また是非利用したいです!,2023-08-10
何度目かのリピーターです比較的近くに住んでいるので思い立ったら予約してさっと出かけます。アルティメット美食プランということでいつもより豪華な夕食でした。この旅館はコスパが良くて気を張らなくていい旅館なので温泉も何度も入りまったり過ごしました良かったです,2023-08-07
夏休みですので、家族大人4人＋父母でプールと温泉目当てで一泊しました。こちらの宿には6回ほどお世話になってます。まず子供が小さい頃は1階のお部屋が用意されていましたが、今回大人ばかりだったので初の3階でした。お部屋はいつもと同じタタミ＋洋室ベッド2台でした。綺麗に掃除され、SHARPプラズマクラスターの空気清浄機があり、禁煙ルームで喘息持ちですが、安心して過ごせました。タタミが1箇所だけふわふわのした場所があったので、部屋の満足度を4にしました。お料理は夜は鉄板を和牛に変更したコースで、父も久しぶりに美味しいとたくさん食べてくれました。朝は全てバイキングに変わっていました。息子は干物嫌いなので好きなものだけ取れるのはありがたかったです。働いている方は外国の方でしたが、日本語も上手でとても感じがよく、冷房が効きすぎていたらすぐに調整してくれました。プールはあまり深く無いので、子供が小さい頃見守りやすく、大人だけでも楽しく過ごせました。プールの一角がミニ温泉があり、寒くなると暖まれます。今回不自由だったのは、５家族しか居なかったのですが、プールサイドの着替えの室のロッカーが、男子女子共に一つもなく荷物に困りました。温泉は3階通路から繋がる日帰り入浴施設が使えます。朝6時から11時ぐらいまで自由に入れます。マッサージ機も無料なのでゆっくり疲れを癒せました。また来年お世話になります。,2023-08-06
子どもたちの休校日に休みが取れたので、大人1小学生2で利用しました。行きは駅から徒歩で行ったのですが宿まで予想以上に急な坂が続きます。日頃から歩くのが好きな私は大丈夫でしたが、雨が降り始めたこともあり、子どもたちは「まだ着かないの？」と文句タラタラ。ちょっと反省。次回からは送迎を利用しようと思います。宿の建物自体はほぼ客室しかないので温泉へは一旦外に出るか連絡通路を通って隣接の湯の里に行きます。通路の途中でプールが見えるのですが、水がはってあるもののロープや柵などはなく、小さい子が行ってしまわないかと安全面がちょっとだけ気になりました。温泉は露天風呂が5種類ほどあって打たせ湯や寝湯、ジェットバスなど子どもたちも喜んで入っていました。今回チェックイン時間が遅い分チェックアウト11時のプランにしたので、観光やティータイムを楽しんでから泊まり、翌朝も少しゆっくりできてよかったです。天候がいまいちで外に出ての移動が難しく、ホテルおかだの温泉に行けなかったので、次回はそちらにも入ってみたいです。平日だったのもあり、一泊二食和洋室利用で大人11000円ほどとかなりコスパがよかったです。,2023-07-20
夫婦2人と娘と孫4人でお世話になりましたまず！外観は森のイメージピッタリでジブリっぽい感じで良かったです。お風呂がさらに！自然に囲まれて最高でした。お部屋は十分過ぎるほど広くゆったりできましたがテレビがとても小さく残念。またお邪魔させてもらいます,2023-07-19
2歳の子供と一緒に宿泊しました。浴衣もあり、スタッフさんも良くしてくださり、楽しい旅となりました。夜のチェックインだったので、夕食は食べてないですが、朝食はとても美味しく食べさせて頂きました。子供用のカトラリー、椅子もあり、安心して宿泊できました。おせわになりました！,2023-07-17
綺麗な部屋でした3階の渡り廊下から隣の建物のお風呂に行くんですが5つ位露天風呂あって43ドから44℃近くの温度でいつも41℃位の私には熱かったから寝湯のとこだけでも良いからぬる湯にしてほしいなぁ38℃くらいの、、夕食はめちゃくちゃ豪華で懐石料理でした^_^天ぷらだけ二人で一つの皿に盛られてあるのみて豪華さから若干庶民派に変わりました笑味は最高！自販機が200円だったからコンビニいってくれば良かったぁ。あと自販機に軽食、ツマミ程度でいいから置いて欲しいですー夜中2時にお腹空いたんで、なんかないか見に行ったら何もなくてぺこぺこでした朝サウナ朝入りたい人なんで朝サウナ開催してほしいです^ - ^ ビュッフェも最高！でもパンも欲しかったです^ - ^温泉卵5個も食べちゃいましたすみません食べすぎたぁ冬もまた予約さしていただきますね^_^,2023-07-15
箱根旅行の際に何回か宿泊させていただいてます。お風呂やお部屋はいつも通りでしたが、今回は夕食がいつもと違いました。いつもは食べきれないのですが始めて料理を追加しました。もう少し量があってもいいかなと感じました。,2023-07-12
今は、入浴に年齢制限があり異性の子どもと行くのが、難しいのですが、年齢制限が特に設けられてないと書いてあり、助かりました。夫が行けないため、子どもとの旅行でした。小学校低学年ですが、子どもだけでは、危ないため、一緒に女湯です。タオルで隠させ、女の子が入っていた場合は、同じお風呂に入れないように私なりに考えました。異性の子どもが居る方には、助かります。が、親も色々配慮は必要だとは思います。ありがとうございました。また夏休みに伺いたいです。お料理は、アレルギーがあるため、コメントしましたら、変更してくださっていました。,2023-07-09
箱根の森から本館までは一度外にでなければならないので大変だったかなお風呂は湯の里の方が露天でサウナもありよかったです送迎が箱根湯本からホテル共通のバスなので並んでいて乗るのは大変でしたグループだったからタクシー移動しました帰りはホテルからバスに乗れたけどすでに立ち席で並んで待っていても乗れない人もいました土日だからかそんなに混んでるなら予約にするとか対応して欲しいです,2023-06-27
本館の内湯より開放感も感じられました部屋も畳がありゆっくりできましたまた行きたいです送迎は混んでました,2023-06-27
初めて利用しました。色々な方のコメントを読みましたが特に気になる所はありません。ホテルその物が小さいので宿泊客少ないのか静かでした。もし駅から徒歩でホテルに行くならホテルおかだの館内経由をお薦めいたします。,2023-06-18
箱根に来る際何度か利用したことがあるホテルでした。今まであまり悪い印象がないホテルでしたので今回も利用させていただきました。夕食が今までとあまりに違っていたのでスタッフの方に確認させていただきましたが、返答は予約は和食膳となっていますとのこと。何が今までと違うのか分かりづらいです。予約する際の写真だけでの判断となるので過去利用したときの夕食内容と同じだと誤解してました。予約の際食事の詳細等案内あれば有り難かったです。今回はじめて山彦での食事でしたが、席に着いて早々外国人のスタッフの方に「飲み物の注文が無ければ水です。」と言われましたが、接客態度としてどうなんだろうと思いました。せめてお水の提供になりますが大丈夫でしょうかのようないいまわしにしたらと思いました。あと朝食に関しましては夫は満足してなかったようです。洋食っぽいメニューがあればと申していました。お風呂は良かったです。,2023-06-10
和洋室のお部屋でしたが、広くて清潔感あって、とてものんびりできました。湯の里の方は、一度外に出ますがそんなに遠くはないので、負担はなかったです。いくつか浴槽はありますが、全体的にぬるめでした。朝は少しあるいて、本館のお風呂に行きましたが、脱衣所、浴槽がとても広くて気持ちよかったです。夕食も量が丁度良く、子供はハンバーグになっていました。朝食は和食で、他の方が量が少ないと書かれていますが、私は十分でした。パンとかはありませんでした。箱根湯本の駅からはちょっと離れていて、山の方ですが、私が泊まった部屋からはとても景色が綺麗でした。建物は古いですが、全体的に清潔感あって値段もお安かったので、良い旅行になりました。,2023-05-08
ホテルまでの道のりが急坂だった事、建物の古さが少し気になりましたが、部屋もキレイに清掃されていて快適に過ごす事ができました。お風呂も食事も良く、スタッフの方達もとても感じが良かったです。機会があったらまた宿泊したいです。,2022-10-05
今回もゆっくりさせて頂きました、ありがとうございました。今回はお風呂が少し残念でした、一緒の場所で入れたら良かったのですが…,2023-08-29
夏休みの思い出に宿泊しました。客室風呂は景色も良くゆっくりと温泉を堪能しました。子供達は成人していてリファのドライヤーやヘアアイロン、シャワーヘッドに感動していました（笑）食事は館内で移動出来るおかだでのバイキングでした。メニューも豊富で少食の子ども達には好きなものを選べるのでとても良かったです。早めの到着に日帰り風呂を使用させて頂きとてもありがたかったです。接客も丁寧で素晴らしかったです。,2023-08-26
普通のホテルでは、浴衣は普通サイズのみ部屋にあるがふるさとは以前特大をお願いしていた事を記録していたようですでに部屋に準備されていた。感動です。,2023-07-29
１泊朝食での宿泊でした。お宿は部屋数が少なくてとても静かです。和室でしたが高級マッサージチェアもあったりお風呂も広くてゆったりと出来ました。ホテルおかだと隣接しているのでおかだのお風呂にも行けます。ただ、館内通路で繋がっています。移動距離はちょっとあります。朝食もおかだのバイキングです。のんびりできるのでまた行きたいと思います。,2023-07-22
今回2度目で、母姉娘の4人で来ました。客室風呂の湯質最高です。人気でなかなか予約取りにくい様ですが、また狙って（笑）行きます！,2023-07-15
一番お手頃なプランで予約したため、部屋にトイレとお風呂はありませんでしたが、近くにどちらもあったため問題なく過ごすことができました。別館にある同じホテル系列のお風呂にも入れてとても楽しかったです。新婚旅行として利用させて頂いたため、サービスもしていただきました。お心遣いありがとうございます。,2023-07-10
恋人との旅行で利用させていただきました。選べる浴衣が色々な柄があり、帯や羽織り、かごバッグも置いてありました。可愛い柄の浴衣を着られてテンションが上がりました。館内もお部屋もとても清潔感があり、窓からは小さな滝も見えて、とても落ち着く雰囲気の素敵な宿でした。お部屋の温泉が最高で、箱根まで長旅でしたが疲れも取れました。夕食・朝食のバイキングもとても美味しかったです。初めての箱根旅行でしたが、とても素敵な場所で、また来たいと思いました。この度は楽しい時間を過ごさせていただきありがとうございました。,2023-07-09
露天風呂付きの和洋室は広く、ゆっくりすることができました。館内いたるところに、組子細工のされた作りの壁がありステキでした。風呂場から滝や鯉が泳ぐ池が眺められ、窓の開閉で熱気がこもることなく入れ、良かったです。大浴場も行きましたが、私は誰にも会わず貸し切り状態で満喫。食事はおかだやさんのバイキングをいただきました。ホテルの大きさにびっくり。寿司はその場で握ってくれ、マクロが美味しかったです。和洋中色々あり、一泊では残念な程。ステーキと天婦羅がその場で作ってくれるスタイルかと思ったのですが、期待はずれ。冷めていたので美味しいとはいえなかったです。どちらの接客もよく、細かい気配りがあるのが伝わりました。違う季節に違う景色を楽しみにきたいです。,2023-07-07
出張帰りに仲間と利用しました♪行きには車を置いて東京まで行って翌日一っ拍隣接のおかだの浴室も使用でき大満足でした。深夜の到着のも関わらず5回入浴し全浴場制覇東京出張の際はこの行程もありですね,2023-07-02
母と妹と三人で初めての親子旅行でお世話になりました。数年前に家族で泊まったことがあったのですが、その時に泊まった部屋にしていただき懐かしくなりました。事前に問い合わせをした際に、高齢の母が一緒だという事を伝えていたのを気に留めて下さり椅子が用意されていてとても嬉しかったです。良かった点・前回同様に館内はとても清潔感があり快適に過ごせた。・スタッフの皆さんが笑顔で丁寧に接してくれた。・部屋のタオルハンガーが増えていてバスタオルも干す事ができた。・喫煙室でもたばこの匂いが全く気にならない。・利用していませんがお部屋のお風呂も温泉が出る。・ホテルおかだの温泉・足湯も利用できる。残念だった点・敷布団が薄い(腰痛がひどいので押し入れに余っていた物を重ねて使用しました。）・２回とも暑い季節に利用したせいかもしれませんが、エアコンの温度設定と羽毛布団の調節が難しく全員寝汗をかきました。肌掛け等薄めの掛布団が用意されていると助かります。・ふるさとの温泉の利用時間が朝７時からなので朝食付きにすると利用しずらい。（母が朝風呂に入りたかったのですが、早朝から利用できるおかだの大浴場は少し遠いので諦めました。）・ふるさとの温泉の洗い場の水圧がすごく弱かった。（５つあるうちの１つが使用禁止で残りの4つを４人で同じタイミングで使ったときの内湯の真ん中の洗い場の状態です）・おかだの夕食バイキングの内容が前回より残念だった。（カニの食べ放題とローストビーフがなくなっていた）全体的にはゆっくりと快適に過ごす事ができ、母の日のプレゼントも兼ねて連れて行った母も満足してくれたようなので良かったです。今後また家族で利用する機会もあると思いますので、ご検討いただければ幸いです。,2023-06-28
娘と温泉旅行で宿泊しました。今回は電車の旅だったので、箱根湯本の温泉宿で探して木もれびの宿ふるさとさんを予約しました。予約の決め手はお部屋のお風呂も温泉で大浴場もあり、隣接するホテルおかださんでのバイキング形式の食事と大浴場の利用も出来る点でした。お宿は2階建てでこじんまりしていますが、綺麗で素敵なお宿です。お好みの浴衣や丹前、籠バックが選べます。お部屋も広くて綺麗で快適です。宿泊したお部屋は和室でお布団は自分で敷くスタイル。バストイレ別でトイレはウォシュレット、バスはユニットですが温泉です。タオルはお風呂用タオルの他に手拭きタオルがあります。いろいろなお宿に泊まってますが、お風呂用タオルしか無いお宿もあり、これは私の中ではポイント高いです。大浴場はこじんまりしていますが、内湯と露天風呂があり、ちょっとした滝があって良い感じでした。大浴場の男女入れ替えはありません。ホテルおかだへは外へ出なくても館内に通路があり、移動は快適です。大浴場は広く内湯、露天風呂あり、男女入れ替え制でどちらのお風呂も楽しめます。お食事は種類はたくさんあり、ライブキッチンもあり楽しめますが、個人的に私の好みのものは少なかったので少し残念でした。接客ですが、とても丁寧で良かったので気分良く過ごす事が出来ました。夜は無人になってしまい、玄関が施錠されてしまいますが、ホテルおかだと繋がっており、そちらからの出入りは可能ですので特に不安はありませんでした。いろいろなサービスがあり、こちらに宿泊して本当に良かったです。,2023-06-25
今回は、紅葉の部屋こぢんまりとして静かで2人には、丁度良い陶器風呂の温泉は、幅が広くゆったりとして気持ち良い今回も素泊まりでしたが、朝はゆっくりできる夕食のみプランがあるともっと便利かもしれないほんとにゆっくりまったりとできる温泉宿です,2023-06-23
山なので、虫が気になりました。箱根湯本まで歩ける距離で、散策しながらゆっくりできました。また秋〜冬に行きたいと思います。,2023-06-19
友人　娘と　３人旅でした。３人共に喫煙者なので　部屋で　喫煙出来るのは大変嬉しく　おしゃべりも弾みました。部屋付きお風呂も　露天風呂も　良かったです後は　鍵が１つしかないので　少し不便でした。色々ありましたが楽しい旅になりました。,2023-06-12
この度、初めてお世話になりました。宿泊前にお宿の方から、ご丁寧な確認のお電話を頂きました。電車を利用したので、箱根湯本駅から出ている100円のバスを利用し、ホテルおかださんで降り、ホテルおかださんのスタッフの方のご丁寧なご案内を受け、中へまっすぐ進むと、お宿の入り口へ。賑やかな雰囲気から一変し、落ち着いた、静かで素敵な雰囲気。館内は靴を脱いでの利用で、床はピカピカ。紅葉のお部屋は、部屋露天付きのモダンな落ち着きのある素敵な和室に感激。清掃も行き届いており、清潔感もあり、何より、お部屋の温泉にいつでも入れる贅沢さ。お風呂からは自然の滝も眺められ、最高に贅沢な至福の時でした。当日は台風の影響で、激しい大雨と言う悪天候でしたが、お部屋の温泉で、ゆっくり寛ぎました。ホテルおかださんのお風呂も利用できるとの事でしたが、何より気兼ねなく入れるお部屋のお風呂だけで大満足でした。朝食のみのプランでしたので、レンジがあったのも有り難かったです。選べる可愛い浴衣も嬉しいです。お布団はセルフ式で、色々なご意見もあるかと思いますが、仕事明けで向かい、横になりたく、また、プライベートも重視され、私達には、この様なセルフ式が良かったです。朝食はホテルおかださんへ移動して頂きました。混雑して並んではいましたが、種類も豊富で美味しく頂きました。スタッフの方のご対応も大変良く、次回はお天気の時に、ゆっくり川沿いを歩いてホテルに向かい、窓を開けて部屋露天を堪能したいです。こちらのお宿は、落ち着いた雰囲気で、特にお部屋、お風呂に大満足。 今まで行ったホテルの中でも上位に入り、また来たい。 と思う、そんなお宿でした。この度は、お世話になり、ありがとうございました。また、是非とも利用させて頂きたいです。贅沢な時間をありがとうございました。,2023-06-04
露天風呂＋マッサージチェア付き(鈴蘭)部屋に素泊まり温泉も部屋も大満足でした大浴場よりも部屋の露天風呂の方がトロトロ感を感じますまた、温泉宿には、珍しく氷水入りポットがあるのが嬉しいかった1日まったりのんびり出来る宿ですまた、来たいと思います,2023-06-02
"露天風呂の付いていないお部屋でしたが、夜も朝も誰もいなくて娘と二人ゆっくり入ることができました。感動したのは露天風呂に時計があった事。食事の時間ギリギリまで入っていられて「焦って出たけどまだ平気だった…」と言う思いをしなくて済みました。""あったらいいのに""といつも思っていた事なので嬉しかったです。お部屋の洗面所にもタオルがあり、こちらも""あったらいいな""のサービスでした。マッサージチェアーは特に期待していませんでしたが、予想以上に気持ち良くてハマりました。フロントの方も芦ノ湖までの行き方を丁寧に説明してくださり、お陰で迷わずバスに乗って行くことができました。ありがとうございました。またぜひ泊まりに行きたいです！",2023-05-29
今回は半年記念に箱根旅行をしようという話になりお世話になりました。初めての宿泊で分からないことが多い中、優しくわかりやすい接客で色々教えて頂きました！姫沙羅というお部屋に宿泊させて頂きましたが、お部屋の清潔感がすごくよく居心地が最高でした！大浴場も時間によっては貸切で使うことが出来ます！夕食、朝食に関しては腰を抜かすかと思う程充実しています。感動的な時間でこのままずっとここにいたい！と心から思う旅館でした。,2023-05-29
母と1泊させて頂きお湯の質、最高でした。母も大変喜んでました(*^^*)フロントの方の接客も良かったです。また近いうちに予約します。,2023-05-24
箱根湯本駅から連絡バス，もしくは散歩兼ねて歩いて行ける範囲でしたのでいい場所でした。部屋も和洋部屋で広く，半露天風呂もあり、大浴場も良かったです。朝食も種類が多くて良かったです。ただ和室の部分にテーブルがなく不便でした。小さめでいいのでテーブルはあれば便利だと思います。,2023-08-09
早めのチェックインにも快くとても丁寧でスムーズなご対応をいただきました！部屋からの景色は断念したプランでしたが、川側と絶景のお部屋にご案内いただきました！温泉も良く、清潔で大変満足です！,2023-08-05
初めての箱根旅行で泊まりました。落ち着いた空間でお部屋も綺麗、ご飯も美味しくてとても満足しました。,2023-07-12
旦那と2人で1泊2日で利用しました。1部お部屋が汚いと口コミにあったから心配になっていましたが、お部屋は綺麗でとても快適に過ごせました。ただ夕食の際に配膳されていたお姉さんがいきなり「ご夫婦ですか？旦那さん、私の彼氏に似ていてびっくりしました。え？なんでここにいるの？って思わず焦りました。」と声をかけられ、こちらは夫婦で喋っていたところに入ってこられ、しかもそのスタッフさんの彼氏さんに似ているのか知らないですが…少し嫌な気持ちになりました…。スタッフさんとしてはコミュニケーションのつもりで話しかけてくれたのは重々わかりますし、私が気にしすぎなのもわかります。ただ夫婦で食事中楽しんでるところにわざわざ入ってくるのはやめていただきたかったです。。。,2023-06-19
家族旅行で芦ノ湖付近の観光へ６名で行きました。箱根湯本の宿の料金は高めですが、ここはそれ相応の価格でしたので伺いました。駐車場もわかりやすく係りの方がすぐ出てきてくれて好印象でした。宿自体は古いようですがリフォームされているようで古さは感じませんでした,2023-05-31
仕事後の遅めのチェックインでしたが、大浴場が深夜2時までだったので時間を気にせずゆっくり入浴できました。,2023-05-08
家族旅行和洋室利用しました。部屋がキレイで居心地がよかったです。食事もよく快適に過ごしていました！,2023-05-05
バリアフリーのプランを利用しました。母が、高齢で足が不自由なため、大浴場へは、行かれませんでしたが、お部屋に温泉が引かれているので、お部屋のお風呂で十分温泉を満喫することができました。夕食も高齢者が食べやすいものが多く、母もたくさん食事ができて良かったです。1点気になったのは、バリアフリーのお部屋のトイレに手すりが1か所しかなくやや不安でした。一応立つことはできるので問題なかったのですが。それ以外は、問題なくとてもゆっくりできました。また、近いうちに行きたいと考えています。,2023-04-23
初めて利用！スタッフの対応も良く部屋は半露天風呂付きタイプで広く清潔感があり満足、食事もよく考えられていて一品毎のクォリティが高く納得でした。間違いなくリピートします！,2023-04-10
写真からイメージした部屋と実際の部屋があまりにも違い過ぎた。写真の撮り方がお上手ですね。半露天風呂付き川沿い和室に家族3人で利用しました。まず半露天風呂と言うにはちょっと残念過ぎるお風呂でした。和室に障子の写真が掲載されていましたが、そこにすぐ露天風呂があるのではなく、狭い洗面があり、シルバーの昔ながらの扉がついた先に、とても狭い洗い場付きのお風呂があります。隙間が空いてる木の浴槽の内風呂と言った感じです。部屋に内風呂はないので、部屋風呂だけで済ますには、かなり狭い場所で、浴槽に泡や汚れが入らないように気をつかいながら洗わなければならず、ガッカリでした。浴槽もお湯を溜める前、角や隅の黒ずみ汚れがひどく、擦ると黒い物が流れていきました。窓から見える景色は、対岸にホテルがある枯れ草だらけの川です。お掃除があまりにも不行き届きで、露天風呂に行く気も失せました。部屋も湿気臭い感じでした。トイレの場所も、部屋の入口を入ってすぐの靴脱ぎ場の一画にあり、いちいちスリッパを2回履き替えてトイレに行くのは面倒でした。部屋には、温泉まんじゅうが用意してありましたが、信じられない位パサパサでした。スタッフの方は、何かをしながら接客をする事が多く、丁寧な印象は受けませんでした。ロビーのライブラリーも、内容、数共に期待以下でした。売店は、簡単なお土産がある程度。アイスなどは、5階の休憩スペース自販機で買えます。朝食をいただきましたが、種類はそれ程多くはないけれど、バランス良く揃っていて味も美味しかったです。朝食以外は、残念ですが満足できませんでした。私はもう利用する事はありません。,2023-04-08
急遽バリアフリーのホテルをさがしました。とても良いホテルが見つかり、高齢のあまり歩けない母でもゆったりすごせて喜んでいました。押し車を押したり、車椅子での移動も快適でした。帰りの時には厳寒までクルマをまわしてくださり、感謝です。お世話になりました。,2023-04-07
毎年、冬季の箱根旅は、雪の心配が無い湯本温泉のホテルを予約しており、今回も、１月に予約して、何度目かのパークス吉野を利用した。外国人も多く宿泊していたが、夕食時の接客が、アルバイトの奥様と思えるが、美人で、清潔感あり、質問に即答できない事項は、即答できないなりに、奥に聞いて丁寧に回答してくれ心地よかったです。温泉半露天風呂付部屋としては、料理含め、コスパ良し。,2023-03-24
家族の誕生日で旅行をしました。今回は二度目の利用になりますが、お風呂も部屋も良かったです。夜中に隣の部屋の騒音が酷く、大人が部屋でプロレスでもしているかのような大騒ぎと地響きがしていましたが、注意を受けたのかしばらくしてから静かになりました。壁が薄いということは無いと思いますが、驚きました。,2023-03-19
旅行支援とクーポンを利用してお安く泊まることが出来ました。大浴場だけでなく、お部屋の内湯も温泉という贅沢さ！また、夫婦2人には十分な広さがあるお部屋でした。朝食のバイキングも、種類が豊富でついつい食べ過ぎました。スタッフの方がたも丁寧な対応をされていて、良いお宿を見つけたと思っています。,2023-03-11
お部屋がすごく広く川側なのが嬉しかったし、貸し切り露天風呂は最高でした。夜ご飯のコースはもちろん美味しかったのですが料理を出してくれる方がとても良い人でした。朝ごはんのブッフェもレベルが高く、朝から贅沢でした。また利用したいくらいです。,2023-03-09
建物自体は多少古さはありますが、とても綺麗に清掃されていて気持ちよく滞在できました。お風呂もゆったりと入れました。お料理は真新しさはないですが、無難においしいと思います。,2023-03-08
初めての箱根旅行で訪れました。どこの観光地よりも前菜からメインまでご飯が全て美味しく、とても満足しました！また大切な日に訪れたいと思います。,2023-03-01
ホテル名だけは存じ上げておりましたが、今回初めて利用させていただきました。フロントでは日本の方の方が少ないように見受けましたが、精神誠意という気持ちが見てとれてとても素敵な対応でした！また、お部屋のお掃除がとてもしっかりとされており、快適に過ごさせていただきました！清掃に入られている方々にもとても感謝です！お忙しいとは思いますが、これからも頑張ってください^^,2023-02-23
箱根九頭龍神社参拝の為に1泊2日で宿泊。このホテルは初めて宿泊しました、施設はそれなりに古いけど、手入れはきちんとされていました。ホテルの方々も親切で丁寧な対応でした。夕食も大変美味しく、朝食はバイキングでしたが大変美味しかったです。お風呂も良かったです。脱衣所も綺麗にされていました。ただ、サウナは無いようでしたので、サウナ目当ての方は、、豪華なホテルではありませんが、夫婦でゆっくり過ごすにはピッタリだと思います。交通は箱根湯本駅から100円バスが有りますが散歩がてら歩いてもすぐでした。,2023-02-21
いつも利用しています。今回は高校生の子供と旅行へ、食事も美味しく頂きました。また利用したいと思います。,2023-02-17
昨今では禁煙部屋ばかりで喫煙部屋があり、助かりました。喫煙可の部屋でもあまり清潔的でない旅館もある中、こちらは素敵なお部屋でした。お料理も大変おいしかったのですが、お酒を飲まない方にとっては夕飯のご飯は先に出ると良かったです。また機会があればお邪魔したいです。,2023-02-12
家族でゆっくり過ごせます。部屋にお風呂があるので、親子で入れました。お布団で気持ちよく眠れました。,2023-02-09
"箱根湯本から近く、5分強でメインストリートの端に辿り着きます。お風呂もとても温まって気持ちよかったです。深夜2時までお風呂に入れるところが特に気に入りました。外国人観光客の方が多く、何度も入らないのかお風呂がかなり空いていました。というか外国人の方を大浴場で見なかったな。部屋はおそらく一番小さいダブルベッドの部屋にしましたが、だいぶビジネスホテルっぽく、天井が低い。素泊まり7,000円、値段相応かな？気になった点としては、男女入れ替え制のためどちらにも入れるのですが、片方の露天が半露天という感じで、屋根があり木製の柵がついていて開放感がなくちょっと残念。もう一つは屋根がなく、開放感ありでした。これは宿にいうことでもないと思いますが、歯磨きしながらお風呂に浸かっているマナーの悪い方がいました。お風呂の中でって…とだいぶ呆れてしまいました。",2023-02-08
風呂付きのお部屋に泊まったのですが、ベッドルームはとても豪華でベッドも広いし最高だった。サービスに関しては、金額が発生しない小さな子どもの浴衣やスリッパを用意してくれていてもいいんじゃない？と思ってしまった。金額が発生しない年齢の場合、浴衣やスリッパを用意しても、実際は使わなかったりするけど、他の旅館では用意があり、お客様として迎え入れてくれてると感じたので、少し気をつかっててほしいなと思った。食事はビュッフェスタイルで、朝食夕食ともに、どれを食べてもとても美味しかった。,2023-08-28
姥子に着いたら霧で何も見えない状況でしたので、送迎サービスがあって助かりました。富士山は今回も見れず。ビュッフェがとても良かったです。焼きたてのアップルパイが美味しかった！,2023-08-26
台風が過ぎて、まだまだ雲の多い日でしたが、朝にはすっかり青空になり富士山もチラリと顔だけ見せてくれました。それも、露天風呂からで、来た甲斐がありました。中庭もキレイに手入れされており、あちこちにウサギさんが飾られてあり、おもてなしの気持ちが伝わりました。ごはんも夕食、朝食とも十分な品数であれもこれも食べたいのでお腹いっぱいになり、大満足です。とくに焼きたてのオムレツはフワフワで良かったです。クルマで富士山一周してチェックインしましたが、大涌谷にも近く、旅の欲張りなルートを決めるのにはイイ場所だと思います。今度、富士山丸見えの時に泊まりたいと思います。,2023-08-24
夏休み家族旅行で利用。当初の目的は露天風呂からの富士山が目当てだったけど残念ながら終日雨でそれはかなわず。しかし何よりも素晴らしかったのが夕食の質の高さ。どれも美味しかったけど出来立てのアップルパイに家族皆感激しました。朝御飯も夜に比べればボリュームは控えめながらもおいしくいただきました。建物は少し年季が入っているもののリノベーションもしてあり古くささは感じさせず和洋室もキレイでよかったです。露天風呂からの富士山を観るためにというよりもまたご飯を食べにぜひとも再訪したい宿です。,2023-08-23
2度目の利用でした！夕食ビュッフェの種類が豊富でシェフの方がとても感じよくて良かったです！朝食ビュッフェがもう少し充実していると最高だと思います。あまり食べたいものがありませんでした。温泉も景色が良くいい旅になりました！,2023-08-21
写真で見ていた露天風呂に期待をして宿泊しました富士山がとてもきれいに見えて最高でした!特に朝の景色は良かったです料理もバイキングで色々なものが食べれたので大満足です。,2023-08-18
箱根は年に2回程訪れ、1、2泊します。今までの箱根旅行、全て違う宿泊先で、今回初のリピート。お目当ては夕飯のビュッフェ。腰が悪いので、和室か和洋室を希望でしたが、予約したのが遅く洋室でしたが、寝心地は良かったです。館内にある仮装したウサギの置物が何羽いるか探すというイベントもやっていて、こども達は楽しんで探していました。ロープウェイ乗り場もとても近く、便利でした。またお世話になります。,2023-08-17
プレミアムブッフェがよかった。■いいところ揚げあての天ぷらや小分けのお鍋がよかったです。■改善してほしい点ローストビーフはもう少し大きめにカットしてもらいたかった。あと中華系メニューが少ないように感じた。(エビチリや小籠包などあるといいです),2023-08-15
予約していたお部屋が前日のお客様の喫煙により、タバコの匂いがかなり残っていたそうで、ホテルの方が別のお部屋を事前に用意して下さいました。夏休みで予約でいっぱいの中、ご配慮して頂きありがとうございました。アジアンテイストのとても素敵な部屋で、彼も私もゆったりとした時間を過ごせて幸せでした。素敵な思い出になりました。,2023-08-13
やっぱり、富士山が見えるとテンション上がります。ただチェックインした日は雨だったので、どの方向に何があるやら分からない状態でしたが、翌朝は雲に隠れながらも見る事ができました。綺麗なレストランでのバイキングもとても美味しくいただきました。,2023-08-12
清潔感があり、気持ちの良い応対、静かなお部屋と満足出来ました！バイキングも良かったです！お風呂はたまたま貸切状態でのんびり出来ましたし、ドライヤーも最先端のもの。もう少し自動販売機が多いと良いかも。,2023-08-11
天気が悪く富士山は見えませんでしたが、露天風呂良かったです。よく家族旅行では、夕食ビュッフェと露天風呂で色々な所を泊まってきましたが、夕食とお風呂のバランス良く感じました。,2023-08-08
友人２名とゴルフ前の前泊で利用しました。タイトルの通り、あまりに夕食ビュッフェの内容がひどく、絶句しました。プレミアムビュッフェとありましたが、何がプレミアムなのか理解できないどころかビジホのサービス朝食レベルでした。極めつけは味噌汁ですが、朝夕ともにチューブから自動で出てくるインスタント味噌汁でした。この価格帯でこのビュッフェ内容はあまりにひどい。食事を重視される方は避けたほうが無難なホテルです。なお、温泉施設は普通ですが泉質は期待外れでした。富士山の眺望だけは素晴らしかったことを付け加えます。,2023-08-07
夕食ブッフェは、最高でした。オープンキッチンで、作ってるところが見えて。種類もたくさんあって、デザートもたくさんありました。時間限定で、スイーツもあって、得した気分でした。,2023-07-29
孫と一緒の家族旅行でゆっくりと過ごさせていただきました。富士山を孫に見せたくての旅行でしたが、台風が来ていて見せてやることが出来ず残念でしたが、居心地の良いホテルだたのでよかったです。また、リベンジしたいと思っています。,2022-10-02
ご飯茶碗に米粒（が潰れた洗い残し）が4個くらい残っていて交換して貰いました。折角の宿ですので、改善を望みます。（プロならば、拘って欲しいところです）ファミレスなどでも時々洗い残しありますし、食洗機でしょうから、不衛生でもなく、気にする事もないのでしょうけれど。なお、お詫びはありませんでした。接客に慣れていなかったご様子で、この点はさほど気になっておりません。,2023-08-18
子連れの家族旅行で使いました。お盆の1週間前なのに、予約できてラッキーと思いましたが、もう2度と利用したくありません。食事や部屋の広さは普通レベルで、可も不可もありませんが、悪いと感じた点をコメントさせていただきます。１．接客・サービス出迎えなし、入館時フロントからの挨拶なし、そもそも共用部でも、館内全体的にスタッフの姿が見えず、コールしないと表さなかった宿です。人手不足は分かりますが、温泉旅館はセルフ化しすぎて、サービスの質は極端に落ちて、悲しく感じます。そして、環境に配慮するため、客室アメニティを有料で提供することは理解できますが、チェックアウト時に未使用品の返品は一切できないのはおかしくありませんか。環境に配慮するなら、販売数の削減や、未使用品の再販を注力するのではありませんか。お客さんに渡したものは返品できないって、販売目的にしか感じませんでした。２．風呂大浴場の露天風呂はひど過ぎる。大量の虫の死骸が浮いてる濁ったお湯。人手不足の問題で掃除係いないせいか、お湯の入れ替えを怠っているか。道端にある足湯でも、その露天風呂よりはきれいと感じます。３．清潔感2点コメントさせていただきます。①部屋にあるガラスコップ複数のコップに、水垢が顕在しています。ちゃんと洗ったとは思いません。②照明のところ、虫が集まっています。虫の駆除は全く行っていませんでしょうね。お盆直前のため、予約の取れるところが少ない中、この宿を選びましたが、残念でした。もう2度と利用しません。,2023-08-13
到着時の様子として、ホテルは綺麗なのですが、とてもひっそりとしていて運営されるのか不安になりました。チェックインまでしばらく時間を要し、ロビーで時間キッチリまで待機することになるため、到着もしくはゆっくりでもよいかと思います。部屋は清潔感があり、部屋数も少ないためとても静かに過ごせます。食事は沢山ではありませんが、お腹はしっかり満たされました。味はそれなりですが、好き嫌いが別れるとは思います。お酒はほぼ原価であり、安心してたくさん飲めます（笑）ここはお風呂が最高です。とにかく泉質がいい！貸切風呂や料理の質の向上、ベッドの設置などのサービスの拡充がなされればと思い！星4としました。,2023-08-09
ホテルは山に囲まれいて 部屋からは芦ノ湖と富士山が見えて自然を満喫するには最高でした、建物も綺麗で館内も清潔感があり良かっったです。食事も普通ですが、リーズナブルな宿泊代なので当たり前ですが、ご馳走を期待して行かなければ良いホテルだと思います、とくに小さい子供が居るファミリーで箱根に遊びに来た時に泊まるのには良いと思います、実際にファミリーが多かったです 笑,2023-08-05
値段的にはあまり期待してませんでしたが、部屋も広く、芦ノ湖も見えて大変満足しています。露天風呂もあり、早朝に入ったのですが貸切状態になり、ゆっくりできました。,2023-08-03
四季倶楽部は他でも利用させて頂いていましたがこちらは今回初めて利用させて頂きました。バス停で降りて携帯のバッテリーが切れて少し迷いましたがたどり着きました。お風呂は時間帯なのかほぼ貸切り状態でしたので良かったです。四季倶楽部はとてもリーズナブルなので利用しやすく助かります。有難う御座いました。,2023-08-03
良い意味で放置されます。必要な物は自分で用意すれば大丈夫です。好きな時に布団敷いて休めますので自由度高く満足です。食堂の飲み物や自販機の値段が良心的なのでわざわざ買って持ち込まなくてもいい感じ。,2023-07-28
二日間、霧と風で残念でした。フリーパスを使用して周遊する予定でしたが、途中遊覧船が休航、三社巡りの予定でしたが、ロープウェイが休止で、二社巡りのみとなってしまいました。次回機会があればと思うしかありませんでした。ホテルの部屋は広くてよかったです。,2023-07-16
研修所のようなあっさりした施設でも食事はとても美味しかったです。温泉がとて良くお肌ツルツル食堂から富士山が見えとてもきれいでした。スタッフさん少人数ですが対応良かったです。,2023-07-14
週末ふとどこかでゆっくりしたいと思いじゃらんで過去に利用したこちらに再訪の予約をしました。16時チェックインと少し遅めですが、慣れればいいかなと。歯ブラシは50円の有料なので持参した方がいいかと思います。部屋は和室で偶然にも芦ノ湖が見える部屋でした。布団等は自分で上げ下ろしをするのでマットを複数重ねました。風呂は23時までと早いので夕食後何度も入りました。露天風呂がお気に入りです。夕食はお腹いっぱいになる量で特に不満はありません。おかげで朝食はあまり食べれませんでした。安い宿ですが、古くは無く清掃も行き届き、お風呂も良い、食事も普通で文句はありません。23時に玄関を施錠するので、宿に寄る前にコンビニで買い物を済ませる事をお薦めします。また、機会があれば利用しようと思います。ありがとうございました。,2023-06-27
洋室を予約しました。天気があまり良くなかったので部屋で過ごしていましたが、部屋が広すぎて寒々しかったです。和室の方がゆっくりできたかもしれません。スティックのお茶が２本置いてあり、おかわりしたい場合は追加料金を取られました。アメニティも有料です。温泉は源泉掛け流しの内湯と露天でゆっくりでき満足しました。大涌谷にも近く観光には便利な場所でした。,2023-06-12
到着してホテルを見た時にあれ？やってる？と心配になるほどで、あまり期待していなかったのですが、部屋へ入ったらとても広くて、清潔感有り。大浴場も露天風呂もとてもいい感じ。お湯もツルツルで最高に癒されました。加えて、朝カーテンわ開けたら、きれいな富士山がしっかりと見えて、景色も最高でした。帰る頃には雲で全く見えなかったので、その時々で違うようです。素泊まりにする時は食事する所をあらかじめ調べていかないと、お店が周りになにもないので、大変です。また利用したいと思います。ありがとうございました。,2023-06-01
ふと温泉に行きたくなり以前利用した事があるこちらの宿を宿泊日前日の夕方に予約しました。フロントの女性は外国の方でしたが案内も何とか理解出来ます。館内は無駄を省いたシンプルなホテルです。静かに温泉を楽しむならオススメです。お部屋の窓からは朝夕姿を変える富士山と芦ノ湖の景色 それだけあれば充分な気がします。朝の露天風呂は陽の光眩しく気持ち良い限り。お湯加減も最適でした。また時間が出来たらリピートしたいと思います。,2023-05-29
今回は窓が大きく眺望抜群の山の中の宿を探して見つけた宿でした。富士山が見える最高のお部屋で露天風呂もあり、温泉も良くお食事も丁度良い良で美味しかったです。またコスパが良かったので気持ち的にも安心して滞在出来ました。確かに他の方の書き込み通り食事時には一人のスタッフさんがサービスしていましたが充分でした。歯ブラシ等も有料提供と知っていたので持参しました。リーズナブルでゆっくりしたい方にお勧めです。リーズナブルで無駄の無い,2023-05-08
家族で利用させて頂きました。お風呂のお湯は熱すぎず、ゆっくり入ることができました。露天風呂も気持ち良かったです。食事も満足でした。部屋にコンセントが少なくて、携帯の充電器を利用するのに困りました。,2023-05-07
タイトル通り、箱根の温泉宿にこの値段で泊まれたのなら良しとします。が、チェックイン時のスタッフの説明に物足りなさを感じたし(布団は自分で敷く、歯ブラシなどは部屋には置いてないなど、伝えてくれれば問題なかったのに、残念でした。)朝食は出来合いの物を並べた感じで割高感ありました。部屋からは富士山見えましたし、ロープウェイ駅にも近く立地は良かったし、ホテル前から散策道があり気持ち良い森林浴できました。,2023-04-29
口コミで料理が残念とありましたが、納得しました。この価格だとこんなものかと学びました。表面が乾いている副菜があり、いつから出されているんだろうと思いました。お部屋にお茶請けがないのが驚きました。そんなところでケチられているんだと感じました。露天風呂の屋根がほぼないため、雨だったので露天風呂は入れませんでした。箱根エリアの価格帯がわかった気がします。リピートはないです。,2023-04-20
過剰なサービスや豪華な食事が売りの宿が多い中、ここは自然なサービスで手を出しすぎずでも頼めば手を貸してくれるそして食事も適度な量で特別なご馳走ではないけれど美味しく完食できました。お風呂はすこしぬるめですがその分じっくりと湯に浸かることが出来ました自分に合っていたようで身体の痛みがかなり軽減しましたお部屋は高齢者にも配慮されているのかな？部屋の風呂は手すりがついていました。勿論眺めも良かったですこんなに家族でゆっくりゆったり出来たと感じたのは初めてかも！それとアメニティをかなり省いているのも高感度大です。歯ブラシセットや化粧水などなどいろいろつけてくれる宿が多いけれど自分の使い慣れているものが1番だし必要ないなぁといつもおもっていたので良いことだお思おますこの宿を一言で言うと「食事付きの湯治宿」かなぁ(笑)また是非伺いたいです,2023-04-19
今回友人6人で利用しました。チェックイン時全国旅行支援の事を伺ったところ無愛想でがっかりでした。部屋は富士山も見え綺麗でしたが、電話が無くて何かの時は客がフロントまで足を運ばなくてはならないのは如何なものかと・・・電話がない事にビックリ。お風呂は綺麗でしたがドライヤーが1台しか無くて順番に使用するのに時間がかかりました。楽しみにしていた夕食でしたが、どれも味が薄くてお味噌汁は白湯を飲んでいるようでスタッフにクレームを言わせてもらいました。スタッフは3名しか見てなくて、食事の準備で忙しそうでフロントはほとんど空、あれでは質の高い接客はできないと思います。,2023-04-16
口コミ4.1で良い評価だったので、いろいろ探した結果こちらに決めました。チェックイン時もチェックアウト時もフロントにスタッフはおらず、電話をかけてもなかなか、出ず、かなり待たされました。（やる気あるの？）お布団はセルフというのはわかっていましたが、枕カバーも掛け布団にもカバーされていないホテルは初めてで驚きました。朝食付きのプランにしましたが、家庭の朝ごはんでした。温泉は良かったですが、利用中、脱衣所など清掃されている様子はありませんでした。売店もお土産ショップコーナーもありません。自動販売機があるだけでした。アメニティも設置されていません。これから利用する方は気をつけてください。温泉でゆっくりし、旅を楽しむ旅館ではありませんでした。個人的にはもう利用しないです。,2023-04-16
部屋数は多くないですが、大勢の人が見られないゆっくり友人や家族など大人の時間が取られる料理も美味しい。お湯は硫黄成分強い匂いはなかった,2023-04-14
初めての宿泊でしたが、部屋の中から富士山がど～んとみえることに大いに感動いたしました。姥子には初めて足を踏み入れましたが、あの眺めは他のホテルにはない強みだなと思いました。素晴らしい立地だと思います。ロープウェーの姥子駅からすぐですし、静かで緑豊かな場所です。四季倶楽部のシステムを理解して利用するなら、とてもよいと思います。しかしながら、初めて利用する人間には、きちんと説明してほしかったです。宿帳に初回利用の旨は記載する欄があるので、複数回利用の方とは区別できると思います。必要最低限のサービスは理解できますが、丁寧な説明や気配りは省略するべきではないと思います。スタッフの方が少なく、フロントに不在の時には内線子機で呼び出し、夜間は当直の電話番号（外線）で対応するとなっていましたが「お待たせしました」の一言があってもいいのではないかなと思います。チェックインで何度も呼び出してずいぶん待ちましたが、挨拶もなかったです。倶楽部を初めて利用する人には「蒲団を自分で敷く」ことや「食事の時間に食堂に来る」こと「階段の他に奥にエレベータがある」ことは丁寧に説明してほしかったです。食事は和食で、ごはんはお櫃で出されます。ごはんは十分あり、おかずの種類もありますが、量は少なめに感じました。他のホテルで美味しく十分にお腹を満たす無料朝食をいただいた経験からすると、残念な内容。盛り付けが雑でお皿が汚れていたりするのは、悲しかったです。お風呂は濁り湯の内湯と透明の露天風呂でした。内湯はぬるめ、露天風呂は外灯がすくなく暗かったので朝入りました。広くてのんびりできました。一人旅なので、脱衣室に貴重品ロッカーがないのは心配。また、ホテルの入口を喫煙場所にするのは再考ねがいたいところ。ホテルに着くなり煙に巻かれてしまいますので、喫煙しない人間にはつらいです。お部屋は広くて、空気清浄機（シャープの最新型）がありました。お掃除は部分的に埃だらけですが、全体的にはきれいなようです。不満もありますが、温泉と富士山の眺めで嫌なことが消し飛ぶ感じでした。お世話になりました。,2023-04-12
連泊しました。箱根大涌谷やアウトレットモールも程良い距離にあり、退屈する事無くゆっくりできました。また、天気の良い日に利用しようと思います。,2023-04-09
"3月末、春休み平日の家族旅行に利用させていただきました。場所はロープウェイの姥子駅になります。自家用車以外での移動はとても困難な場所です。ロープウェイの終電が16時45分(大涌谷)なので、ロープウェイでの行列の待ち時間、ケーブルカーの移動も含め、時間にゆとりをもった計画が必要になります。わが家は彫刻の森に行ってからでしたが、彫刻の森を16時に出てギリギリでした。お宿はホテルというより、合宿所に近いイメージです。部屋数も少なく、2階部分に20もありませんので、混雑もなく、静かにのんびり過ごせて私はとても好きです。5部屋のみ山側で、あとは全て芦ノ湖ビュー。大浴場もほぼ貸切でした。硫黄泉のお風呂は内湯と外湯だけですが、とても気持ちよく過ごせました。お食事は食堂のテーブルに準備されているスタイルで、美味しかったです。40代夫婦にはちょうど良い量と味付けですが、食べ盛りの中学生には少々足りなかったみたい。魚＆野菜メニューでしたので、お年寄りには良いかも。朝食はサバの照り焼きで美味しかったのですが、隣のテーブルの小さいお子さんは同じメニューなので、ご飯と納豆しか食べられなかったみたいです。近くにコンビニ等は全くないので、事前に調達してから宿に向かった方が良いです。ビールは300円、ペットボトル飲料は160円でした。良心的！売店等はなく、自動販売機に柿の種300円のみがあります。ちょっとピリ辛ですが大粒で美味しかった。浴衣、子供浴衣はあります。ハブラシはありませんが、フロントで購入可能。バスタオル、タオルあり。お風呂にはリンスインシャンプー、ボディーソープのみ。ヘアブラシなし。カラオケ、卓球あり。キッズスペースあり。おもちゃは少ないですが、やたら広い！        14,383円（大人2、中学生1）× 3名      ＋ 13,063円（小学生）× 1名  小計：56,212円",2023-04-07
いつも利用させて頂いてますが…外の気温が低いのに、今回の温泉は内湯も露天風呂も、いつもよりも、ぬるめで、残念でした。,2023-03-22
急遽、予約をしたので素泊まりで利用しました。ふとんなども自分でやりますが、値段を考えると満足です。夜中はホテルからでることはできませんので車に忘れ物注意です。,2022-10-07
芦ノ湖畔なので、湯本は猛暑でもここはとても快適でした。ロビー、足湯、食事会場からの眺めもよく、のんびりした旅が出来ました。桃源台から徒歩3分のアクセスで、ロープウェイや海賊船で移動するにはとても便利です。宿泊費もとてもリーゾナブルでした。,2023-08-30
妻がネットで見つけて、初めて伺いました。小田原から登山電車、ケーブルカー、ロープウェイを乗り継ぎ桃源台まで向かい、駅から徒歩5分も掛かりませんでした。エントランスは幾分狭い感じがしましたが、フロントの有るフロアは清潔感が有り気持ち良かったです。今回部屋に露天風呂があるタイプを利用、本来であれば眺めの良い4階の筈ですが窓の前の樹々が生い茂り余り景色の良さは感じられませんでした。また、部屋からの大浴場、食堂までの道のりが長い廊下を通り2回エレベーターを乗り継ぎ行くのが難点ですかね？！しかし特にビュッフェタイプの夕ご飯の食材は非常に良かったです。,2022-10-06
まずエントランスから入ると美しい芦ノ湖ビューが広がります。館内の隅々まで綺麗で、お掃除もしっかり行き届います。設備も内装も新しいものに見えます、清潔感満点です！ご飯はバイキング形式で、とても美味しく内容も充実していました。子供連れとしてはバイキング形式は本当に助かるので改めて感謝です。お部屋らスタンダードルームでしたが十分広く、清潔感あふれるお部屋でした。老若男女問わず楽しめるお宿と感じましたし、3世代でいらっしゃっているグループも結構見かけました。とても良い時間でした、ありがとうございました。,2022-10-06
ハイクラスなお宿だけになかなかうかがえないのですが、送迎バスの運転手さんをはじめ、フロント、レストラン、すべてのスタッフの方が覚えていて下さる、本当に素敵なはなをりさんです。最低価格のプランしか選べない私ですが、毎回、きめ細かいもてなしに感動です。早めに着いても、広いロビーのソファーでうとうとするのがわたしのルーティン。足湯もあります。ご年配の女性の方が、芦ノ湖をながめなが、「きれいね〜」と何度もおっしゃっていました。大浴場も空いっぱい眺められる解放感があり、ずっとお湯につかっていられます。食事も夕食は柔らかいステーキをメインにたくさんンのメニューで楽しめます。朝食のおすすめは、海鮮のお茶漬けと生絞りの野菜フルーツのフレッシュジュースです。今回、お部屋に露天風呂がついていたのですが、お湯の温度管理はフロントにリクエストすれば自分好みの温度に対応してもらえて、ラグジュアリー感がすごいです。はなをりさんは確かにお高いお宿ですが、価値のある体験ができますよ。,2022-10-04
9月下旬に宿泊させていただきました。眺望のよい部屋を希望しましたところ、芦ノ湖がよく見える部屋をご用意いただきました。足湯をつかりながらの眺めや部屋から眺め、食事処からの眺めすべてが最高でした。芦ノ湖と山、空のコントラストが大変素敵でした。食事はビッフェスタイルで、とりわけ夕食時のお肉は大変美味しかったです。露天風呂の寝湯は約40℃くらいで大変リラックスできました。また是非家族で利用させていただきたいと思います。素晴らしい思い出になりました。本当にありがとうございました。,2022-10-01
できたばかりのホテルでとても綺麗で良かった。桃源台駅からもとても近く車を置いて箱根のあちこちに出かけられるのが、とても良かった。是非また利用したいと思います。,2022-10-01
冷房が壊れていたので、あまりゆっくりできなかった。事前に連絡頂いたが前日の夜で中止しようかと思ったがせっかく休みをとったのので、箱根なので夜は大丈夫かと思ったが暑かったので印象が悪いのかもしれません。夕食は見た目は綺麗だが、味は?です。味つけご飯が臭く食べる気がしなかった。魚の処理が悪いのかも?飲み物をお願いするのにスマホを使うが電波状態が悪く苦労しました。他の方も困っていました。せっかくの食事も落ち着かず考えて頂きたい。ツインの部屋にしたが、台の上にマットが置いてあり下りるのが人苦労でした。露天風呂も有料だし料金的には高めです。,2023-08-21
駐車場へ到着すると、送迎の車が待機してくれていました。受付の対応や備品なども館内サービスが行き届いていてとても気持ちよく過ごすことができました。お庭もきれいで箱根らしい情緒が味わえます。ただひとつ残念だったことをあげますと、朝食の品々が、インスタント的な出来合いのお惣菜が細々並んでいて（８種の惣菜とおっしゃっていましたが）綺麗ではありましたが、少々手作り感がないように思えたのが残念でした。夕食はバーニャカウダやカルパッチョなどがとても彩りよく並んで、新鮮なお野菜やお魚が美味しくいただけました。温泉も素晴らしかったのでまた利用したいです。,2023-08-02
急に決めた箱根旅行でした。近場で少しでも涼しいところを目指して、こちらに辿り着きました。チェックインを担当していただいた、スタッフさん。笑顔が可愛すぎて、一目惚れでした笑接客もステキすぎて、お仕事中なのに、隙をみてはお話ししてしまいました笑ご飯を担当してくれたスタッフさんのキャラクターが面白すぎて、ついつい朝ごはんの時も探してしまいました笑おかわり、すぐ持って来てくれますよ！！お風呂も貸し切り風呂、おススメです。足湯の雰囲気もすごく良かったです！強羅まで足を伸ばしたら、ぜひぜひ、こちらの宿を利用してみてください！,2023-08-01
お部屋の広さも丁度よく、早めに貸し切り風呂に入ってのんびりとできました！周りはセミの大合唱でしたが、夏を感じられて満足です。食事も朝、夜共に美味しかったです！,2023-07-31
フロントには24時間のドリンクバー、夕方まではアルコールまであり、そのドリンクを持って足湯を楽しめます。温泉はお肌がツルツルになりました！ただアメニティがもう少し充実してるともっといいかなとは思いました！ご飯は夕食朝食ともにとても美味しく、豪華でした！強羅の中ではお値段も比較的お安く、また行きたいと思えるほどいい宿でした！,2023-07-29
のんびりと強羅の休日を楽しめました。温泉が完全な掛け流なので嬉しかったです。フロント近くの部屋でしたので、他の宿泊客とほぼ会わずにいられたのも良かったです。,2023-07-29
日頃の疲れをとりたいと思い、一人でふらっと行ける近場を考え、箱根のゆとりろ庵様に泊まらせて頂きました。特に観光目的ではなかったので、宿で過ごす時間を多く持ちましたが、窓から見える景色と聞こえてくる蝉や虫の声に癒されながら、ゆっくりすることができました。温泉の泉質はとても良く、肌もツルツルになり、湯上がりもすっきりしました。お料理は多すぎず、適量でした。個人的には少し味付けが濃いと感じるものもありましたが、素材じたいが良くて美味しかったです。温泉とお料理と立地を考えれば、かなり価格は安いと思いますので、またぜひ利用させて頂きたいです。,2023-07-22
良い点　部屋からの木々の景色が良く、季節柄ひぐらしや鳥の声が聞きながら過ごせた（但し網戸が無い為窓を開けると虫が入ってくる）悪い点写真で見るサイズ感と実際のサイズにかなり違いを感じた（個人的感想ですが、部屋の露天風呂の浴槽は一人で足も伸ばせない。貸し切り露天風呂は2人が精一杯で家族連れだと全員一緒には無理かも。大浴場も湯船はあまり広くなく湯温がかなり熱めでした）食事は特選懐石でしたが半分洋風で特にお椀物ではなくブイヤベースにはびっくりしました。食材は新鮮で味も良かったのですが、献立が個人的には？と思いました。飲みものの注文もなかなか来てくれず、懐石を食べるのに少し食事処が騒がしすぎました。,2023-07-18
箱根強羅の静かな旅館。足湯がオシャレで飲み放題の生ビールと共に最高の時間でした。お風呂も貸切露天風呂を利用しましたが、清潔でゆっくりできました。,2023-07-15
曇り空で心配しながら箱根湯元・彫刻の森美術館を回りました。ホテルの玄関までの雰囲気はよかったです。部屋の清掃が今一つ行き届いていませんでした。風呂場は狭く露天風呂もありません。貸切風呂が有料で利用出来ますが割高に思えます。部屋の窓から見る風景は良い感じでした。,2023-07-12
フロント、食事の担当さんの笑顔に癒やされました。お仕事頑張ってお客さんを笑顔で癒やして下さい。また来ます。,2023-07-11
家族が日本に遊びにきて一緒に宿泊しましたが、ロビーも広くてゆっくり休憩できました。お部屋からも自然を感じられて良かったです！温泉した後、お肌もサラサラで気持ちよく休めました！,2023-07-05
親と泊まりましたウェルカムドリンクはアルコールも飲み放題で、ソフトドリンクは24h飲み放題という初めてのサービスがありましたマッサージチェアも24h使え、テラスには足湯があり最高でした食事も盛り付けがきれいで、よかったです,2023-07-01
久々のゆとりろ庵さんでした。リロの中ではリーズナブルでとても良いです。又今ウエルカムドリンク生ビールがあり時間延長になってて非常に良かったです。,2023-07-01
今回家族旅行で、日本温泉雰囲気を探したところすごくいい感じの宿泊発見。親切でよかったです！また行きます！,2023-06-30
新婚旅行として初めての箱根旅行でしたが大満足でした。最上階の部屋を予約したのですが、家族旅行でまた来たいと思えるくらいの広さと落ち着いた空間でゆっくりと楽しめました。ウェルカムドリンクサービスやマッサージ機、足湯、温泉、食事など料金もリーズナブルながら満足できるサービスが揃っていてよかったです。最寄りの駅の最終時間が早いのと近くにはコンビニなどはなく自然豊かな立地にある旅館なので、スケジュールパツパツな旅行ではなく、ゆっくりのんびりとしたリフレッシュする旅行の際にはおすすめの場所だと思います。,2023-06-29
部屋にお風呂ついてるので、子供たち大喜びで、何回も入り遊びました。足湯テラスもあり、線香も置いてあり、子供たちも安心で遊べます。とても親切な感じです。ロビーにある無料ドリンクコーナーはワイン、ビールまでありまして、旦那ガブガブ飲んでました(笑。おかげさまで、とてと楽し旅行でした。ありがとうございました！,2023-06-27
車旅行、一泊素泊まりで利用させていただきました。温泉街にある建物なのでホテル回りの道は少しだけ狭いかもしれません。あとホテル内にカートがないので荷物が多い方は注意が必要かもしれませんがうちは問題ありませんでした。フロントの方の気遣いもよく、建物は新しくはなくともきれいに掃除されていて部屋の中もきれいで広くゆっくりできました。温泉は広くはないです。が、源泉かけ流しのお湯で温度が熱く、熱めが好みな私としてはとても満足できました。※暑いのが苦手な方は水で薄めてはいれます。事前にわかっていましたが、やはり露天風呂がないのは少しだけ残念でした。源泉かけ流しの温泉で露天は不要、広めの部屋がお目当てな方なら検討に入れてもよいかと思います。ありがとうございました。,2023-08-25
和洋室でしたが、お部屋がとても広く清潔感もあり、とても良かったです。子どもが喜んで飛び回っていました。部屋数が少なくこじんまりとした宿で、騒々しくなくてそれもよかったです。朝食もちょうどいい量で、美味しかったです。箱根を訪れるときにはまた泊まりたいです。ありがとうございました。,2023-08-16
和洋室に泊まりました。お部屋がとても広くて家族4人でゆったりくつろげました。お風呂はそんに広くはないけどしっかり清掃されていてお湯も源泉でとても良かったと思います。朝食もちょうどよい量で美味しかったです。,2023-08-08
こじんまりした宿で、食事は大変美味しく（和食いただきました）、温泉も小さいながらも気持ちよかったです。スタッフさんも親切で、2泊中に部屋の掃除や布団敷サービスはありませんが、それも私たちには気が楽でした。部屋のエアコンか微調整できると嬉しいです。部屋は清潔ですし、宿の規模も私たち家族にはちょうどよく、ゆっくり過ごせました。ありがとうございます。ぜひまた行きたいです。,2023-08-06
お部屋が広くてテレビも大きく、ゆっくりと過ごすことができました。お食事もとてもおいしかったです。食後はコーヒーをテイクアウトして、お部屋でいただきました。お風呂が熱すぎてゆっくり入ることができなかったのが残念です。また再訪したいお宿ができました。,2023-08-02
高齢の母を連れて、姉と３人で宿泊しました。コロナ前に宿泊したときに、あまりにも食事が美味しくて、ぜひリピートしたいと思っていました。前回、和洋室を利用しましたが、トイレ入り口の段差が高くて母が難儀したことを伝えたところ、バリアフリーの部屋があると教えていただいたので、そちらをお願いしました。３人ですとエキストラベッドになり狭くなりますが、とおっしゃってましたが、まったくそのようなことはなく、十分な広さでした。お風呂のお湯は源泉かけ流しで熱かったので母はすぐに上がりましたが、久しぶりの温泉で気持ちが良かったようです。宿の方々の心地よい対応にも大満足でした。またお伺いしたい宿です。,2023-07-06
紫陽花の季節の箱根。温泉掛流し、食事の口コミのいいホテルということで予約しました。和洋室のお部屋は、広く快適でした。ただ、ベッドが腰痛の私には、合わなかった様です。掛流しの温泉は、浴槽は１つですが、柔らかい泉質で気持ち良かったです。夕食も朝食も、初めにテーブルに全部並べられ、お品書きもありません。　夕食は、優しい味付の和食で、野菜もいろいろ、美味しくいただきました。蒸野菜のディップソースもおいしかったです。朝食も、大きな鯵の開きや温泉卵などの和食でおいしかったです。が、テーブルの真ん中に置かれた各自ご自由にのご飯は、時節柄、衛生的でないので、ホテルの人に配膳してもらいたいです。泊まった部屋は２階でしたが、上の階が夜中の１２時頃もドタバタしていて、うるさかったのが、残念でした。,2023-07-01
口コミにもありましたが、ご飯がとても美味しいです。卓球も楽しめました。スタッフの方が気さくで、心が感じられ、のんびり過ごすことができました。オススメすると予約が取りにくくなってしまうと困るのですが、オススメです。,2023-07-01
遅い時間帯のチェックイン可能の強羅駅近くのホテルを探していて口コミ評価も高かったのでこちらを利用させていただきました。夜も朝もお風呂であまり人と合うこともなくほぼ貸切、しかも源泉、温泉にのんびり入れました。お部屋も広々とした和室でのんびり過ごせてよかったです。またロビーのお花がとてもきれいで印象に残りました。,2023-06-28
強羅に用事があり、強羅駅付近で探していた所、口コミも良かったので今回このホテルを選びました。お部屋はとても広く作務衣も使いやすく、ゆっくりくつろげました。部屋数も少ないので温泉がタイミングによって、貸し切り状態で入れたのも良かったです。食事も品数多く大変満足しました。また利用したいです。,2023-06-11
女性陣の多い家族構成だったので2部屋目として和室を利用。想像していたより広くて落ち着く綺麗なお部屋で大満足です。料理は朝も夕も美味しくてほぼ完食しました。お風呂の湯船はちょっと小さいかなとも思いましたが、部屋数の多くない宿ですから十分なのかもしれません。スリッパの数を見て混んでそうなら少し後にするとか調整すれば、ほぼ貸し切りくらいの感覚で入浴できます。接客は優しい感じでとても好感が持てました。必要以上に接触してこない感じなのも個人的には良かったかも。建物も館内もお風呂もお部屋も清潔感に関して気になる部分はまったく無し。ここまで満点なのは初めてです。我が家としては少しだけ価格設定が高いところでしたが、それでも何かの記念やお祝いなどでは是非また利用したいと思えるほど満足度の高いお宿でした。次回の機会がありましたら宜しくお願いいたします。,2023-06-05
初めて伺いました。こじんまりしたホテルですがスタッフの方が大変親切で、お食事は味もボリュームも満足でした。食べきれないほどの量でしたが、味付けが優しかったので完食できました。是非また伺いたいと思います。ありがとうございました。,2023-05-17
彼女と2人旅で利用させて頂きました。結論、大満足のお宿でした。まず夕食の豪華さに驚きました。季節の食材を取り入れられ、お心遣いが感じられる素晴らしいお食事でした。お部屋はとても清潔で、窓から箱根の山々を眺めながらとても静かにリラックスした時間を過ごすことができ、彼女も大喜びでした。お陰様で最高のGWの旅になりました。,2023-05-05
食事は、品数が多くて全体的に優しいお味。落ち着いた雰囲気のなか、ゆっくりと楽しみました。お米やお水はセルフサービスです。もちろん完食しました。お風呂は、内湯だけですがあったまる透明なきれいなお湯でした。お部屋にあったかごや作務衣も重宝しました。角質落としや化粧水などもあり、手ぶらでも大丈夫でした。その日の天気や気温などで温泉の温度が変わるとのことで、夜そして早朝と2回楽しみましたが、本当に温度がかなり違うのでびっくりしました。お部屋も思っていてよりも広々としていてとても快適でした。強羅駅そばというのは、とても便利でした。,2023-04-30
強羅への宿泊は初めて。姉妹の旅行でお世話になりました。ホテル内は清潔感にあふれ、とても気持ちよく過ごすことができました。夕食も朝食も、手作りの料理が多く、盛り付けが素敵で、美味しくいただきました。大満足！アットホームな雰囲気で、おかみさんとお話しできてホッコリいたしました。なんと、お客様に提供するために、山からワラビや筍などを採ってこられるのだそうです。気持ちがこもった料理でした。お風呂も貸切状態で利用できて、ゆっくり過ごすことができました。浴衣でなく、作務衣もよかったです。大きなホテルではありませんが、オススメです。,2023-04-12
部屋の広さ、料理に大満足です。また、急な要望にも対応いただきありがとう御座いました。子供がアレルギーごあり食べれないと知ると、わざわざ別の食材を探してるもらったり、様々面で細やかな心遣いに感謝しきれません。是非、また行きたいです。,2023-04-09
妻と祖母との３名でお世話になりましたが、我が家だけの貸切状態でした。温泉もゆっくり満喫でき、妻も祖母も大満足。食事はクオリティが高く、これも大満足。我が家のためだけにスタッフの皆さんがサービスしてくれたので、リッチな気持ちになりました。部屋は広くて見晴らしもよく、祖母もゆっくり楽しめたそうです。どこも清潔に清掃されていたのも好印象でした。どうもありがとうございました。,2023-04-09
春休みに家族で宿泊しました。こじんまりとしたお宿ですが、非常に清潔感のあるきれいな室内で、周囲も静かでくつろぐことができました。食事も美味しく、布団も自分達の都合でひくことができ、のんびり滞在することができました。,2023-04-09
子供と2人で行きましたが、とても良かったです。朝食も夕食もとてもおいしかったです。お風呂は小さめだと思いますが、清潔感があって快適でした。初めて行ったので、戸惑うこともありましたが、全体的に大満足です。箱根に行くときはまた泊まりたいです。,2023-03-31
夫婦二人で利用しました。お部屋は掃除が行き届いていて清潔で快適、お布団はセルフですが、敷いてしまえば自分たちのペース、今の時代に合っていると思います。お茶もお菓子もお水もセットしてあります。お風呂も強羅の源泉で熱々です、湯船は決して大きくはないですがシャワーの水圧も強くすべて快適でした。冷え性の妻は朝までポカポカと言ってました。お料理はこれでもかというくらいの品数！夕食：前菜　お刺身　煮物　焼き物　鍋　他　でお腹いっぱい朝食：温泉卵、のり、わさび漬け他１０品目以上、朝食のお供といえるものが全て出ている感じでした。お味は旅館の濃い味付けでなく家庭の味に近いのが良かったです。ご家族経営でやっていらしゃるので人手が・・・とのことでしたが、手際よく、程よい距離感での対応も良くお話も弾みました。一点だけ気になったのはコンセントです。我が家は延長コード持参で旅するので問題ないですが、場所が部屋の隅1か所とテレビ裏の壁1か所、縁側のポット1か所なので、ゲームやスマホ充電などにはやや不便かもしれません。まぁこれも時代の流れですかね、Wi-Fi環境はバッチリでした。強羅という条件の中では最高のCPで、我が家は大変気に入りました今後も利用させていただきたいと思います。,2023-03-26
今回家族旅行で利用させていただきました。場所は大涌谷行きのケーブルカー始発、登山鉄道発着駅である強羅駅から徒歩3分と非常にアクセスが良かったです。週末や祝日は海外からの方も多く途中からは乗れないくらいの大混雑だったので、立地的に発着駅なのは凄く良かったです。外風呂はないものの内風呂は加水していない源泉100%の温泉でお肌しっとりの非常に良い湯質でした、部屋数も少ないので混雑もなく貸切な時もありました。部屋もとても綺麗で、布団もふかふかでしたが、特に凄かったのは食事です！品数が多く皆さん写真を撮っていました。また箱根に行く際はリピートさせていただきたいです。,2023-03-21
お布団敷きや食事の飲み物等はセルフで、その分お値段が家計に優しく嬉しかったです。お部屋もお風呂もお掃除が行き届いていましたが、夕食時にコーヒーサーバーにあったコーヒーを飲もうとしたら、朝だけ提供してるとのこと。朝のコーヒーが夜まで残ってたのか？？？少し不快でした。また、空調を切って休みましたが、朝まで何かしらのファンの音が気になり寝れず、部屋より静かなユニットバスで寝ようかと思った程です。すみませんがまたの利用はないなの宿でした。,2023-03-21
大学生2人、朝食付きプランで1泊利用させていただきました。1番良かったのは朝食です。The和食って感じで非常に美味しかったです。他の方が書かれているように少し量が多いかもしれませんが、私たちはちょうどよかったです。お部屋は和室・洋室・和洋室からランダムに選ばれます。私たちは和室でしたが、野郎2人が過ごすには十分な広さで、隅々まで清掃も行き届いていましたので大満足です。カラオケルームも10人以上余裕で入るくらいの広さがあります。2人で熱唱しました(笑)。総じて大満足ですが、強いて懸念点を挙げるならお風呂ですね。温度は温泉らしくしっかり熱めで身体の芯まで温まりましたが、やはり内風呂1つだけというのは少し寂しい気がしてしまいました。場所は強羅駅から徒歩3分と立地の良いホテルです。強羅周辺は彫刻の森美術館、ガラスの森美術館、ポーラ美術館などの箱根の代表的な美術館が集中している他、強羅駅からのケーブルカーのおかげで箱根ロープウェイ乗り場にもすぐ行けるので、観光の拠点としておすすめです。露天風呂はありませんが、観光メインで色々回りたという方には是非おすすめしたいホテルだと思います。,2023-03-20
とても満足しました。広いお風呂ではないけれど、部屋数が少ないので混み合うこともなく、清潔で、とても良いお湯でした。お食事も量、質共に大満足。お部屋もきれいでゆったりしており大人三人でも問題なく過ごせました。唯一、トイレにもタオルが欲しかったです！それ以外はとても満足です。ぜひまた宿泊したい宿です。,2023-03-12
娘と二人旅で使わせていただきました。お風呂は大浴場ではありませんが、ほぼ貸切状態であった為、問題はありません。広くて綺麗なお部屋に、見た目に嬉しく美味しい夕食、充実の時間を過ごさせていただきまして、ありがとうございました。また伺いたいと思います。,2022-12-28
早雲山駅からロープウェイで大涌谷まで行きたかったので利用しました。早雲山駅から当ホテルまでの距離600mほどの激近ホテルです。お部屋のアメニティの充実さは普通。旅館の夕食はどこも多いところばかりですがここはちょうどいい量で良かった。味も美味しかったと思います。お風呂は普通。周りに木が多く景色はあまり楽しめないがそこそこ良い旅館と思いました。,2023-08-21
箱根にあってあの料金なら満足です。すべてにおいて無難で満足してます。大浴場に露天風呂がないのが残念かなあ,2023-08-09
201号室スーペリアツインの部屋33平米に宿泊荷物がおける長いカウンターが便利角部屋なので1枚の窓が他の部屋より多く明るいです朝は朝日が入りますベッドはセミダブルです1段あがったところに小さいユニットバスがあり物は置けません1階にお風呂男女入れ替え露天風呂は一箇所のみ小梅の湯にあります朝は6時からですが少し前でもお湯はあたたかいです2階にレストラン　ロビーがあり食事は近隣のお店から車で持ってきてる感じ量は他の宿にくらべ品数少ないですが私的には丁度良かった宿に送迎してもらうとロビーに直結ですが車の人は駐車場から急坂を1分ほど登るので雨の日　雪の日はきついと思いましたモーニング珈琲がないのでドリップ珈琲持参しました湧き水がでるので美味しく珈琲が飲め至福のひとときでした珈琲持参はおすすめです,2023-07-23
男女4名で利用させて頂きましたその内の一名が誕生日ですと事前に伝えたところ、サプライズでシャンパンのプレゼントがありました料理も接客も良かったです外国人スタッフがテキパキと仕事をこなしていましたお風呂に関しては男女入れ替え制で2つ有り片方は狭いですが、他のお客さんと被る事なく貸切状態でした但し露天風呂が故障していて入れなかってのが残念です台風の余波により早雲山までのケーブルカーしか動いておらず観光出来ませんでしたが、また強羅に訪れたいたと思います小さい宿ですが1人旅2人旅にはお勧めです,2023-06-27
源泉掛け流しの美肌に良いという、温泉の温度も42度くらいあり、とても暖かく、体がいつまでも温かく気持ちが良かったです。お食事も和会食で夕食、朝食共に美味しかったです。接客態度も傘を乾かして下さり、感じが良かったです。,2023-04-29
全部で10部屋程のこぢんまりしたホテルです。食事の時以外は他のお客さんと接することもなく、お風呂も貸し切り状態でした。露天風呂は、片方しかついていないのですが、木の桶で快適でした。内湯もちょうど良い温度で、ノンビリ入れます。食事も、私たち老人にはちょうど良い量で、朝夕ともおいしかったです。　旅行中に読書を楽しみたい者にとっては、部屋の照明が少し暗いので、読書用の照明があると言うことないです。,2023-04-22
温泉の泉質がヤバい。施設は保養所がそのままって感じですね。色々経年劣化が激しいですが、温泉にはいりに来たので値段相応で。,2023-04-11
10室ほどの小さなホテルです。フロントの対応は大変親切で丁寧でしたしたが、温泉浴場は狭く少し寒々しさを感じました。箱根大涌谷への観光へは早雲山駅からゴンドラに乗れば数分で着きますのでその点では大変便利なところです。,2023-03-11
元気な女将さんの気遣いや対応に感謝致します。駅から割と遠いので送迎は助かりました〜ただ全体的に古さを感じました。ルームキーや部屋に空気清浄機が無かったり、スリッパが使い捨てじゃないのは驚きました！お風呂も手狭なので、時間帯によっては4人居たら、満員状態でお湯に浸かる事も出来ません。。,2023-02-28
予約時夫の誕生日と伝えていたら、食事のときに宿から飲み物のプレゼントが…サプライズに感激。旅行中の良い思い出のひとつとなりました。ありがとうございました。,2023-02-19
にごり湯が良かった。夕・朝食ともに量がちょうどよかった。こじんまりして夫婦二人やカップルが多く静かにのんびり過ごす宿という感じ。大涌谷が近く硫黄の香り漂う、湯本付近とは一味違う宿。ありがとうございました。,2023-02-15
記念日で伺いました。いろいろお気遣いいただきありがとうございました。こじんまりした宿ですが、非常に気配りが効いた宿です。夕食、朝食ともちょうど良い量でした。また味は満足いくものです。壁掛けテレビがもう少し低い位置であれば見やすいと思います。暖炉もよかったです。,2023-02-13
露天風呂は浴槽が２つあるとホームページ記載されていたが、深い浴槽にはお湯が張られておらず、受付の際にその旨の事前の説明も無かった。露天風呂のある内風呂は厳選かけ流しであるにも関わらずぬるく身体が温まらなかった。食事は鍋のお肉が皿に盛られていたが、乾燥していて皿にくっ付いていて剥がすのに苦労した。刺身も乾燥していて見た目にも美味しそうには感じなかった。せめてラップや紙を被せる等の気遣いが欲しかった。また食事処はファンヒーターはついていたが浴衣では寒かった。温泉と暖炉のあるホテルと謳っているにも関わらず、暖炉に火は入っておらずラウンジは寒かった。１万円以下で泊まれる宿とのフレーズではあるが、ホームページにあるような内容は期待しない方がいい。,2023-02-02
団体、朝食付きで利用しましたが、朝食が豪華で美味しかったです。温泉は、内湯が緩かったのが残念でしたが、露天風呂風呂もあり、露天風呂はあったまりました。2階の部屋でしたが、箱根の山が見える景色は癒されて、早雲山駅の近くでアクセスも良く、静かな環境も良いです。この値段で泊まれる箱根の宿はあまり無く、コストパフォーマンスの高いお宿だと思いました。次回は夕食付きでまた利用したいです。,2023-01-16
到着が予定より遅くなり暗くなっていましたが、旅館のすぐ前がバス停でしたので迷うことなく到着できました。食事は夕食朝食ともTHE旅館というふつうの感じで美味しかったです。あまり量が食べられないので少なくしてほしい等のリクエストをしましたが気持ちよく対応いただき家庭的な良い旅館でした。お風呂は小さかったですが旅館の規模が小さいので妥当だと思いました。温泉の感触がとても気持ちよかったです。卓球台があり懐かしく（既に大人の）子供と童心に戻って楽しみました。料金は通常よりかなり高くなっていましたが年末年始なのでそこは仕方ないと思いました。翌朝駅伝観戦のために早く出発したかったのですが箱根の交通機関は8時過ぎに動き出すとのことでそこだけが計算外でした。早く出かけたいと考えている方はあらかじめよく調べていくことをおすすめします。,2023-01-09
源泉掛け流しの宿で探してたどりつきました。お風呂は男女入れ換えの２ヶ所です。どちらともほんとにいいお湯でした。帰りに駅まで送っていただきました。大阪からですが、また泊まりたいと感じましたとお伝えしました。実際また春に予約しました。食事につきましては、悪い評価をつけるところはありませんが、お値段なりです。客室の冷蔵庫にわき水が冷やしてありました。とても美味しかったです。夜に階段で2階に昇ったところの天井がガラスばりなんですが、CGじゃないのかと思える満天の星が見えました。そして早朝目覚めてカーテンを開けたらちょうど朝日が見えてこちらも感動しました。,2023-01-07
箱根ひとり旅で宿泊しました。広いお部屋でのんびりと過ごせました。食事も丁寧で量もちょうど良かったです。ステンドグラスのお風呂がにごり湯でなかったのが残念でしたが、次回，箱根に来た際は宿泊したいと思いました。,2022-12-20
食事は品数が多く量も申し分有りません。味は美味しいのですが特にこれと言った物はありませんでした。お風呂は狭いです。露天のある方の内風呂はぬるく、露天もかつて露天でしたといった作りで浴槽も2つの内1つしかお湯がはってありませんでした。お肌はツルツルになった気がします。部屋は和室を洋室にリフォームしたような作りでした。掃除はきちんとされておりました。特に良いところ悪いところのない宿という印象です。,2022-12-19
一泊２日でこちらの宿を利用しました。こじんまりとしたお宿でしたが部屋はもちろん建物内も清潔で、とても気持ちよく過ごせました。館内も静かで、ゆっくり過ごしたい方にはもってこいなお宿だと思います。夕食、朝食共に量がちょうどよく、ご飯と味噌汁がおかわり自由でとても嬉しかったです。露天風呂は野外ではなかったですがステンドグラスが壁にあり、雰囲気よかったです◎また接客面も女将さん、スタッフの方も最初から最後まで愛想良くとても気分が良かったです。,2022-12-13
恋人との旅行で利用しました。部屋食のプランでしたが食事の量も質も大変満足のいくものでした。また、用意をしてくださる宿の方の対応も素晴らしかったです。設備は少し年季が入っている感じはしますが、清掃が行き届いているため清潔感があり、気になることはありません。ただ、お風呂についてはやや狭く、混雑時には利用を諦めなければならない点が少し残念でした。あまり大きな宿ではありませんが、その分騒がしさがない為、落ち着いた雰囲気の中でのんびりと過ごすことが出来ると思います。,2022-11-25
たまたまなのか大人の方ば2組ばかりの宿泊者さんばかりだったので。とても静かで落ち着いて過ごす事ができました。外国人のスタッフさんもとても丁寧な接客で好感がもてました。アメニティにクシやブラシが無かったのが残念でしたが。あとは良かったです,2022-11-22
気になっていたお宿でやっと宿泊できました。宿泊人数が少ないので静かでゆっくり出来､食事も美味しく頂きました。温泉は3人入るといっぱいになり洗い場も4つしかないので時間をずらして入ればゆっくり入れますが､ぬるめなのでなかなかあたたまりません。熱めが好きな人にはオススメできませんが源泉掛け流しなのでほんのり硫黄の匂いがします。　最小限のアメニティやドライヤーはあります。帰りは女将さんが強羅駅まで送ってくれました。宿の目の前からも本数は少ないようですが、小田原駅までバスがあるようです。早雲山駅に近く大涌谷に行くにはとても便利でした。,2022-11-20
ホテルというか、会社の保養所といった風情ですが、館内、部屋はとてもきれいでした。部屋にアメニティがないのですが、パウダールームがありそちらに置いてありました。専用のパウダールームとは、なんだか珍しく感じました。風呂は露天は一つなので時間によっては入れません（男女入れ替え制）。ただし露天と言っても周囲は壁、天井もあるのでほぼ露天ではないかなという印象。ステンドグラス調の窓？がなかなか雰囲気があります。風呂はかけ流しで良かったですが、白濁はしてませんでした。しかし、朝なぜか露天があるほうの内湯だけがにごり湯になっていました。どれも同じ泉質のはずなのに不思議ですが、色々な条件があるのでしょうか。接客はコロナの影響もあるのか必要最低限。でもチェックイン、チェックアウト時どちらもスタッフさんはとても感じの良いかたでした。館内にはお酒の自販機が無いので飲む方は要注意です。どれも平均的な印象ですが、素泊りにしてはやや高めかも？清潔感があるのがとても良かったです。,2022-10-10
10部屋と少ないせいかご飯が丁寧に料理されています。夕飯も朝食も数多いおかずがそれぞれ美味しく作られております。スタッフの方々も丁寧でとても好感が持てます。立地条件もよく宿の前からバスで小田原駅まで直通があり便利です。,2022-10-02
家族３名で泊まりました。御殿場アウトレットを終わりまでいて来ました。荷物たくさんありましたが、かごに乗せてもらい運んでくれて助かりました。部屋は、それほど広くはなかったですが、室内にちょっとした階段がありレイアウト的に洒落た感じです。わたしは、エキストラベットに寝ましたが、普通のベットとあまり変わらず寝れました。ちょうど女子プロゴルフ大会初日で、スタート前の様子が部屋のベランダから目の前で見れたのは、よかったです。朝食は、クロワッサンがおいしいと口コミに書いてあり期待していましたが、口コミ通りパンだけでなく全部が非常に美味しかったです。やはりハイクラスホテルとしてのレベルの高さを感じます。オレンジジュースやコーヒー、紅茶、クロワッサンもお代わりできよかったです。翌日は、キリンの工場見学や富士山の北側をまわり帰りました。また家族で着て、朝のゴルフ場散歩をしたいと思います。ありがとうございました。,2023-08-19
金時山登山の帰りに宿泊しました。バス停を間違えてしまいましたが、そのバス停まで迎えに来て頂き感謝しています。お陰様でチェックインも早くできたので登山後の汗と疲れを早々に癒やすことができました。温泉も清潔でタオルも常に補充されていたので気持ちよく何度も入浴することができました。部屋からの眺めもゴルフコースの緑が気持ちよくゆっくりすることができました。料理も選べるお料理でしたので選ぶ楽しみがありました。とても美味しくいただきました。また泊まりたいホテルです。,2023-06-03
リピート必須・・・毎回プラデュジュールと温泉と窓一面緑の広い客室を楽しみに伺ってます。いつも次は何時にしようかと考えながら帰途につきます。スタッフの皆様、有り難う御座いました。,2023-05-07
夫婦で利用しました。ベットで寝たい妻と温泉を利用したい夫の組み合わせを共に満足させるホテルでした。夕食、朝食の量も適度で、落ち着いてのんびりと夫婦で会話しながら食べることができました。夫婦旅行の時、ブュッフェはちょっと苦手な我が家にはとっては良い時間となりました。,2023-03-21
フレンチコースと温泉が楽しみたく、昨年11月に滞在して以来の訪問でした。夕食のコース料理は色彩、味も良く満足出来る内容でした。朝食も申し分のない内容で、生魚を食しない人の対応も良かったです。,2023-02-28
雪の中の露天風呂と、接客が非常に良かった。値段の割に満足のいく内容であったので、気持ちよく過ごすことができた。,2023-02-10
ホテルと小田原駅間をシャトルバスが運行していて箱根湯本でも途中下車できるのが便利でした。仙石原周辺美術館行きのバスがあり観光にも助かりました。お部屋のベランダからゴルフ場が見渡せて開放感がありました。外観内装共にクラシックで落ち着いた雰囲気で年配の方のリピーターも多くいるようで、女性一人でも安心して泊まれました。連泊しましたが、朝食の内容を変更してくださったりと細やかな心遣いがありがたかったです。お風呂は姥子温泉で関節筋肉痛に効果ありでとても温まりました。,2023-02-08
三世代10人旅行でした。車椅子の貸出、移動の少ない部屋、ベッドガード等色位な要望に応えて頂いて快適に過ごすことが出来ました。ありがとうございます。1つ残念だったのは夕食の時間の変更の連絡が遅かった事。予約を入れてから3週間後に連絡が来たのはなんだかなぁと思ってしまいました。仕方ないとは思いますがもっと早く連絡があれば気持ちも違ったかなと思います。夕食　選べる夕食で老若男女好みを選べるのは良かったです。ただ自分にはちょっと量が足りなかったかなと思いました。妻が食べたステーキが美味しかったです。朝食　こちらも、和食と洋食を選べました。洋食を食べましたが今度はパンチがあって満腹。クロワッサンが美味しく、お替りも出来たので大満足でした。温泉　大浴場の温泉は広さもあり快適。出た後に体のポカポカがいつまでも続くいい温泉でした。とても良い温泉です。部屋　昔の作りなのでそこまで広くないけど、リニューアルもされてきれいで快適でした。ベランダもあり贅沢な時間を過ごせました。部屋内で階段があったので足の不自由な父にはハードルでしたがなんとかなりました。卓球　まさかのプリンスホテルで卓球。とても楽しめました。ホテルなので期待してなかったけど、温泉と卓球のゴールデンコースを味わえて、三世代大爆笑大盛りあがりで最高でした。スタッフ　到着時迎えてくれた背の高い女性スタッフさんはキリッとしながら優しさと配慮があり、さすがプリンスホテルと言う感じで迎え入れてくれてテンションが上がりました。初めてのプリンスホテルでしたが、とても気持ちよく過ごせました。温泉は本当に良かったです。また機会を見つけて伺いたいと思います。ありがとう御座いました！,2023-01-30
両親、妻の両親、家族の8人で年末年始過ごしました。プラデュジュールで食べた料理が美味しかったです。サービスもとても良かったです。お風呂も良かったですが、洗い場の数が8ヶ所でちょっと少なかったかな。すぐ横がゴルフ場なので、今度はゴルフ友達と行ってみたいです。,2023-01-03
結婚36th記念にて初めて利用させて頂きました。チェックインの対応からお部屋・夕食・お風呂・朝食・チェックアウトまで、失礼ながら？どの場面でも期待以上の内容・対応で大変満足でした。機会あれば、違う季節に家内共々再訪したいと思っています。,2022-12-07
今回は母＆姉妹の女3人旅で利用させてもらいました。到着日はあいにくの天気で小雨が降ってきてしまったので早めにホテルに向かい、まだチェックインまでだいぶありましたが快く部屋にご案内してくださいました。スタンダートタイプのお部屋だったので3人だと少し手狭でしたが快適に過ごせました。ベッドも硬さが丁度良くて快眠でした。早めにチェックイン出来たことで露天風呂も3人で2時間近く貸切状態でゆっくり温泉に入れました。夕食は私はメインにステーキを選びましたが、とても柔らかくて味付けも美味しかったです。ただ男性には量が足りないかなと思いました。朝食は洋朝食を選択させてもらいましたがクロワッサンが美味しくて朝からテンションが上がりました(笑)母は和朝食でしたが焼き魚を3種類から選べて、アジの開きは脂もあって美味しかったと喜んでました。ただドリンクバーくらいは有ると嬉しいかな~。せっかく紅葉の時期に宿泊できたので朝食後はホテルからススキ草原まで歩いて向かいました。10分ほどの距離でしたので食後の運動には丁度いい距離です。3人とも黄金色に輝くススキ草原を楽しみにしていたのですが…残念ながら天気が曇りだった事と今年のススキの見頃はもう終わりでした。紅葉とお天気は少し残念でしたが、本当に久しぶりに母娘旅が出来て、また母もホテルがすごく良かったと喜んでくれたので良かったです。ありがとうございました。,2022-11-16
恋人のお誕生日お祝いとして泊まりました。到着してすぐお声がけいただきスムーズに受付までご案内していただきました。お部屋までお荷物を運んでもらいながら、館内のご説明も丁寧にしていただき、紳士淑女のようにあつかっていただけました。館内も落ち着いており、家族連れの方も多かったですが、騒がしいとは感じませんでした。食事の量もちょうどよく、御殿場産のお米のおいしさに感激しました。もちろん他のお料理もおいしかったですが基本のお米やお味噌汁がおいしいと安心できます。お食事の利用客も多かったですが、テーブル間は十分に空いておりましたのでゆったりできました。また、デザートにバースデープレートも用意していただき、みなさまから「おめでとうございます」のお祝いを言っていただきまるで某テーマパークのようにお祝いしていただけました。お風呂の流し台付近が、髪の毛等落ちているのが気になったのもありよりこまめにご清掃いただけると嬉しいです。隣部屋の声が聞こえますが、泊まりに来る方も年齢層が高いのもあるのかそこまで気になりませんでした。すすきも見頃でホテルからも10分程度歩いていけたので、散歩にもちょうどよかったです。一生分のすすきを見ました。恋人は箱根の印象までよくなったみたいで、大変満足しておりました。もちろん私自身も満足です。プリンスホテルを見つける度、今回のご対応の良さを思い出して温かい気持ちになります。ゆったり、落ち着いた旅行がしたい方、箱根の美術館めぐりしたい方、仙石原のすすきを手軽に見たい方におすすめです。,2022-11-04
毎回楽しみに伺ってます。客室の窓は一面が緑、温泉は体が温まり気持ち良く爆睡しました。夕食時に軽めのワインをお願いするとコクがあって飲みやすい口当たりの良いワインをすすめて頂き母が喜んでいました。料理とても美味しかったです。特にソースが美味！送迎があるのも助かります。次伺うのを楽しみにしてます。,2022-10-28
お部屋の広さと眺めは最高でしたが、お隣の話し声が聞こえて来たのは気になりました。お風呂も清潔感があり、大変満足しました。,2022-10-26
最上階の広いお部屋は、ゴルフ場が眺められて解放感があり、とても良い。ソファーも座り心地が良く、ベッドも寝心地が良くて部屋から出たくない位くつろげる。掃除も行き届いていて、大きな窓はどこも曇りがない。ルームサービスがあると良い。また浴衣でなく上下別の部屋着が有れば動きやすくてファッション性も兼ねて尚更良い。同じプランが有ればまた行きたい。,2022-10-20
小田原駅から無料シャトルバスが利用できます。部屋は中に入ってから3段ほどの階段があり，目の前にはゴルフ場がありました。温泉は2箇所あり、露天風呂にはカタツムリが岩にいるのを発見し、童心に戻った感じがしました。気分をリフレッシュするにはとても良いホテルだと思います。,2022-10-10
ホテル内は清潔に保たれており、接客も素晴らしいです。食事は朝食のみの利用でしたが、スムージーを始め全てに満足でした。温泉は混雑状態がスマホで確認できるので、安心して楽しめました。天候に恵まれ星空を眺めながらの露天風呂となりました。小田原からホテル間の送迎バスがあり交通手段の不安もなく癒しの一人旅、大満足でした。帰りもスタッフの方々にバスのお見送りをしていただき、不快な思いはひとつもなく良い旅ができました。最近は歳を重ねたせいがイラッとする事が多くありますが、今回の旅は全くなくプリンスホテルの教育が行き届いているのだと感じました。お世話になりました。,2022-10-09
3年ぶりの家族旅行でした。近場で1泊だけでしたがこちらのホテルにして大正解でした。まずスタッフの皆さんの応対がすばらしい。特にレストランではさすがプロの仕事だと感心させられました。おいしい料理がより満足できるものになりました。次に久しぶりの温泉で本当に気持ちよかったです。ほかに小田原駅までの送迎バスがあるので小田原観光もできました。1泊2日の小旅行でしたが家族全員満ち足りた時間を過ごせました。また機会があれば泊まりたいです。ありがとうございました。,2022-10-06
お盆休み期間だったのでどこも混雑していましたが宿泊地を箱根にして往路は静岡を復路は神奈川を観光したかったのでとてもいい場所だったと思います。,2022-10-05
案内されたお部屋からは有名で格式ある美しいゴルフ場が広がっていました。翌日ゴルフ予定だったので、いつかここにまた泊まりラウンドしてみたいと思いました。夕食はメインとデザートが選べて私はメインはサーロインステーキにしました。とても美味しく満足でした。朝食は洋食か和食を選べて洋食にしました。これも食べきれないほどのボリュームで美味しかったです。お風呂は大浴場、露天風呂があり無色透明で私には適温でとてもゆっくりできました。スタッフの方々はさすがプリンスホテルと思う対応でした。,2022-10-04
温泉とフレンチコース料理が食べたく、初めて仙石原プリンスホテルに宿泊しました。さすがにプリンス系の洋食は色彩と味も良くボリュームもあり、洗練されたスタッフのサービスで満足しました。,2022-10-03
娘達家族皆で1泊でお世話になりなりました。部屋には露天風呂があり孫達も大興奮で喜んでましたがいきなりのシャワーが出なくなり露天風呂から出れず、聞きに行きったら全館…お湯が出ないとの事で些かゲンナリ状態で部屋の電話も数日前の落雷で修理にも出さず使用出来ないと告げられ。返金して貰い他のホテルに移ろうかと思いましたが…。ひとまずは孫達もいるので穏便に済ませました。夕飯は最高でした。今回はアクシデントがありましたが…また利用します,2023-08-29
グループの中でもここはコスパ良いと思います。部屋は必要最低限ですが、露天風呂(温泉)付きで美味しいご飯を食べられて(しかも夕食時は飲み放題)このお値段。私はこんな感じで充分満足です。ただ、ファミリー向けプランも有るので子供が走り回る音なんかが苦手な方には向かないかも？(上の階で子供の走る音がたまに聞こえました),2023-08-29
部屋は一寸狭かったですが、快適に過ごせました。食事も美味しかったです、品数が多く食べきれませんでした、露天風呂付き客室で、ゆっくりと寛げ、フリードリンクのサービスはアルコール類もOKでした。又伺います。ありがとうございました,2023-08-24
別邸のほうで宿泊しました。部屋の露天風呂は広くて家族三人で入浴しても足をのばせるぐらい、ゆったりできました。夕食も満足でしたが朝食はやや少なめで、物足りなかったです。夕食はソフトドリンク、お酒が飲み放題でしたが朝食はお茶とコーヒーのみでした,2023-08-23
部屋も綺麗に清掃されており、1人では広い位でした。部屋に露店風呂はない部屋で予約しましたが大浴場も近く、部屋の露天風呂を使う方が多いのか空いていて快適でした。食事も美味しかったですしフリードリンクもビールや酎ハイまであり、コスパも良いなぁと思いました。,2023-08-23
孫の夏休みに家族で箱根に一泊旅行しました。車椅子利用のため予め別邸１階の部屋を確保して頂いたので助かりました。但し玄関に車椅子を置くと狭くてもう少しスペースがあれば良かったです。部屋もきれいでモダンな雰囲気で良かったです。食事の内容やスタッフの方々の対応も良かったです。飲み物(缶ビールやペットボトル類)のフリーサービスはとても嬉しくなりました。これからも是非続けて欲しいです。,2023-08-22
部屋に露天風呂が付いていて値段はリーズナブル。部屋もロフト付きとちょっと変わった部屋ですが、とても過ごしやすく大満足でした。露天風呂が付いているので何回も入って気持ち良かったです。,2023-08-20
お盆の時期に家族4人で利用させていただきました。外観は古風な趣きある佇まい…中に入るとあら？こじんまりしたフロント。スタッフの方1人体制でした。駐車場の案内係や荷物も運んでくれるスタッフの方もいらっしゃいませんでした。お部屋もマンションのような作り(入り口が外にある)で、前日は旅館に泊まっていたせいもありそのギャップに最初戸惑いましたが、移動の度に外の空気を吸えるのもいいなと思うようになりました。露天風呂付きのお部屋にしなかったので、大浴場を常に利用しましたが、ほとんどのお部屋が露天風呂付きのせいかいつ行っても空いておりました。小学生の娘と2人で大浴場を独占できたのは嬉しかったです！フリードリンク、湯上がりアイス食べ放題？だったのも嬉しかったです！フリードリンクにビールがあったのが個人的にとても嬉しかったです(^^)夕食、朝食も大変美味しかったです。子供用のちらし寿司が豪華でボリュームも凄く、びっくり！親も手伝って食べました(^^),2023-08-19
3歳のこどもと、家族3人で伺いました。別邸を選びましたが、部屋は広く、お風呂もありでのびのびとゆったり過ごせました！お夕食はとても美味しく、フリードリンクでお酒を飲めたことも最高でした。特にしゃぶしゃぶが美味しかったです！ちなみに子供用のお夕食にはちらし寿司などもついていて、これまでみた中で1番豪華な夕食でした。こどももテンションが上がっていました！,2023-08-18
1歳9ヶ月を連れて家族3人で利用させていただきました。客室露天風呂付のお部屋にしたので家族3人でお風呂に入れたし、周りの目を気にせずゆっくりできました。ご飯は全体的に美味しかったですが、味濃いめ（塩分多め）かなと思いました。飲み放題も付いてて良かったです。フロントに赤ちゃん用のおしりふきや全身シャンプー等用意があり助かりました。洗面所に椅子があると嬉しいなぁと思います。来年もまた利用したいです。,2023-08-18
チェックイン、アウトや食事時以外部屋で過ごすので誰とも会わず家族のみでゆっくり過ごせました。部屋に温泉があるので好きなタイミングで入ることができていい。夕飯も朝食もたっぷりと用意されていて非常にボリュームありました。お酒やジュースが無料とのことでしたがもう少し種類があると嬉しいなと冷蔵庫の冷えは朝がマックスでした。チェックインして飲み物を冷蔵庫に入れておいて夜冷え冷えになるくらいだと嬉しかったなと思いましたが、朝、露天風呂に浸かりながらいただいたキンキンに冷えたビールは最高でした。夜晴れていれば近所を一回り散策しても良いかと思います。夜は星空が綺麗で、朝はとても爽やかでした。チェックイン、アウトの手続きは非常やスムーズでした。,2023-08-18
こちらのお宿は初めて利用させていただきました。箱根ガラスの森美術館からすぐ近くの所にあり迷わずに行くことができました。お部屋はロフトがあるタイプ。入ってすぐのお部屋は比較的広々としていてソファもゆったりしているので過ごしやすかったです。客室露天風呂も常に適温で心地よく何度も入りました。食事は食事処で宿泊者のみなさんと食べる形ですが時間を決めることができ混雑することなくゆっくり食べることができました。夕食は舟盛りやしゃぶしゃぶ、金目鯛の煮付けなどがありお腹いっぱいになります。サービスで鮪のお寿司もいただけて嬉しかったです。また追加料金なくお酒も飲み放題ということでありがたかったです。朝食は和食膳でしたがアジの開きや温野菜、アサリのお味噌汁などどれも味がよく満足しました。箱根に行った際にはまた利用させていただきたいお宿です。,2023-08-15
とっても可愛い部屋でした。おしりふきや離乳食など子供向けのサービスが充実してて良かったです。飲み物が自由に貰えるのも嬉しかったです。温泉も露天風呂に入るとトゥルンっと肌になめらかでよかったです。,2023-08-14
大浴場は歴史を感じる所はありますが2種類の温泉が楽しめました部屋にある露天風呂はいつ入っても温度管理がされていたので沢山入ってました,2023-08-14
客室に温泉がついている宿泊先を探していたところ品の木一の湯さんが目に留まる。別邸での宿泊プランということで部屋の画像を見ると一人で利用するには持て余しそうな広さと雰囲気の良さ。当日になりフロントで説明を受けて別邸へ移動する。扉を開けた先には奥行きのある寛いでいたくなる空間が広がっている。水回りは若干隅に追いやられてる印象だがそれを差し引いても移動なしで好きなタイミングに温泉に浸かれる贅沢。夕食に出てきた金目鯛の煮つけは確かに絶品でした。チェックアウトの時間が近づいてくるとあっという間に過ぎた部屋での時間に多少の寂しさを覚える。日を改めてまた泊まりに来ようと思える素敵な場所でした、ありがとうございました。,2022-10-07
娘と急に温泉へ行こうと彫刻美術館へも行きたいし、と検索して部屋に露天風呂もあるし、お値段もお手頃で良いねっと伺いました。フロントの方も給仕さんも愛想が良くて親切でしたが、部屋に入って直ぐに帰りたくなりました。壁が剥がれてたり汚れていて、湿気っぽくて、今晩ここで寝るのかと思うと憂鬱になりましたが、まあ温泉へ行きましたがゆっくり入りたい気になれないお風呂で、温泉感もなく、古びた感じは、よくありますがそれを良し！って思える感じのものではなかった。それでは、部屋の露天風呂と入って、ぬるい！景色はないのは承知の上でしたが、家のお風呂？って感じで温泉へ来た感　全く無しで、とても残念でした。でも、飲み放題はとてもお得だと思います。お食事も美味しかったです。朝の給仕さんのバイト感過ぎて残念でしてが、皆さん、感じの良い方々だったので、いいお宿と思いますが、ごめんなさい。久しぶりの温泉だったけど、全く温泉が感じられず辛口なコメントをしてしまいました。,2022-10-07
食事が美味しい！飲み放題も1000円で地ビールも入ってて良かった！ただ部屋に大きな蜘蛛が。大浴場は狭いが、露天風呂もあり、良かった,2022-10-05
朝大浴場を使った時、脱衣所の床に髪の毛が凄く落ちていて不快だった。もっとこまめに清掃をした方がいい。アメニティの中にせめて綿棒位は入れて欲しい,2022-10-03
2歳の子供を連れて宿泊しました。お部屋に温泉がついているので、いつでも入れて気楽です。子供がお風呂大好きで、何度も入れるから喜んでいました。ご飯は多すぎず適量だと思うのですが、うちは子供用のご飯をいただかなかったので、子供がたくさん食べたから大人が少し足りませんでした。食事処は比較的にぎやかで、家族連れが多かったです。家族でのんびりできてよかったです。,2022-10-02
日本の方では無いのに、言葉を選んで接客していたのが良かったです。また前日にめ関わらず対応して頂きリカーヴさんには感謝しております。孫も久しぶりに行き大変満足していました。ありがとうございました。又家族で行きたいと思います。,2023-08-29
【食事】はバイキングですが、オープンキッチンがあり、夕食はステーキやアスパラの肉巻き、朝食は湯葉とろ飯や揚げパンが人気です。ソフトドリンクは呑み放題、デザートとは別にアイスクリームもあります。【温泉】内湯は沸かし湯ですが、檜風呂と露天風呂はにごり湯の天然温泉です。,2023-08-28
とにかくご飯とお風呂が本当に良かったです！今回、蟹を食べにこちらに泊まりにきました。夕食も朝食もどれも美味しくて最高でした！！夕食は蟹とアスパラ巻き、エビチリが美味しく、朝のフレンチトーストがすごく美味しかったです。お風呂は丁度いい温度でジャグジーが気持ちよかったです。標高が高いので夏でも涼しく快適に過ごせました。住んでる所と10度くらい気温が涼しいことにビックリしました。部屋は2人で充分な広さで良かったのですが、ベットだけ身体に合わず体が痛くなってしまったのが残念です。この価格で美味しい料理と温泉で大満足なのでまた夏に涼みに蟹を食べに行きたいと思いました。,2023-08-27
台風のために直前にキャンセルしたのですが、週末に予約が取れたので夫婦でお世話になりました。外国人のスタッフの方（確かネパールのかた？）だったように思われますが、とても感じが良く、接客、食事、お風呂も良かったです。ただ、残念なことに客室の中は掃除が行き届いていたのですが、廊下などはかなり埃がたまっていて（積もってる感じ）それがとても残念でした。コロナが落ち着いて旅行客も増えているようですが、どこもスタッフが不足しているのは聞いておりますが・・・。他が良かっただけに残念です。,2023-08-22
今回、息子と2人での宿泊に利用させていただいました。息子とホテルで合流し、翌日朝息子は朝早く仕事に向かうと言う宿泊になってしまいました。朝食より早く出発になってしまった息子に朝早くお弁当を用意していただきました。とてもありがたかったです。スタッフの方々もとても親切で感じが良かったです。食事もとても満足。ぜひまた宿泊させていただきたいと思いました。,2023-08-20
"彼女と結婚前に良いところにということでお邪魔しました。お料理は美味しくスタッフさんの対応も良くその辺に関しては非常に満足しました。ありがとうございました！お風呂も綺麗で気持ちよく入れました。ですがまず駐車場が手前がいっぱいで奥に停めたのですが、狭くて整備もされておらず先行きが不安になりました。お部屋は洋風のツインルームでしたが、お盆期間ということで多少高いのはしょうがないのでしょうが1人28,000円でこの部屋か…と笑いうならばビジネスホテルの少し良いグレードくらいでした。彼女は何も言ってませんでしてがおそらく同じことを思ってたかと。温泉とご飯だけ楽しむのなら良いかと思いますがこのお値段であの部屋ならリピートは絶対ないです。少し後悔しました。",2023-08-15
夕食の時のアスパラ一本揚げがおいしかったです。蟹もあったのはうれしかったです。温泉も源泉風呂があり硫黄臭プンプンで良かったです。,2023-08-10
公共交通機関を利用しての箱根旅行でしたが、ホテルがバス停から近く、観光にもとても便利でした。料理もおいしく、お風呂もきれいでした。部屋がもう少し明るかったらよかったかなと思いました。,2022-10-06
安定のリカーヴです。もう何回目だろう。蟹が大好きで近場で蟹が思う存分食べられて、泉質が良いのにリーズナブルなので、箱根は他も行きますが、結局ここに来てしまいます。今回、夕食時のフルーツが小皿に取り分けてなかったのが良かったです。取り分けてあるとあまり好みのものではないフルーツも一緒に盛られているし、沢山フルーツ頂きたいのでお皿ばかりが増えてしまうので。今回は海外の方が多く勤務されていましたが、感じが良くて教育が素晴らしかったです。ミャンマーの方のようですが、ミャンマーは親日のイメージなので応援したくなります。また癒やされに行きます。いつもありがとうございます。,2022-10-05
和洋室に宿泊しました とても広いお部屋でのんびりできましたエステは本格的ではないですが 癒されました朝夕ともバイキングは 充実していて大満足でした,2022-10-03
小学生の子どもと家族3人で泊まりました。コース料理だと娘が食べれるものがあまりないため、朝夕両方ともブュッフェの宿を探していてやっと見付かったのがこちらのホテルでした。お値段もリーズナブルで食事も美味しく、温泉にもゆっくり入れて娘も大満足でした！！お部屋は洋室のトリプルタイプだったので少々狭く、テーブルがなかったので(小さい台は一つありました)少し不便でしたが、私達家族にとっては大変満足でした！！また利用させて頂きたいです！！素敵な思い出をありがとうございました(^^),2023-08-22
お酒好き、お風呂好き、料理のこだわりがある方で、背伸びしない自宅に居るような感覚での宿泊を求めているならおすすめします。内装やサービスなど、スタッフの方々の努力がとても見えます。費用が安かったのですが、泉質もよく、思っていた以上の満足感でした。,2023-08-09
夕食の、メインディッシュ（私達の時は、ホエー豚のとろける料理でした）＋バイキング（たくさんの種類！）とても美味しかったです！　朝食バイキングもとても美味しかった！温泉も良かったです。飲み放題（種類限定）とプチお菓子も楽しめました。おそらく建物自体は古いのかもですが、リフォームしてあって充分OK。箱根神社から近くて、便利でお手軽・お気楽な美味しいお宿でした。,2023-08-08
芦ノ湖近くの山の中腹にあります。ペンションみたいな落ち着いた雰囲気のあるホテルです。飲み物やお酒などが飲み放題、ちょっとしたお菓子やアイスも食べ放題でした。お風呂はこじんまりしてますが良かったです。朝食のご飯が保温にしてるご飯だったのが残念です。,2023-07-26
価格がリーズナブルなときは何度も利用しています。建物はかなり傷があったり、部屋内の設備も古いので使いにくそうですが…何も問題ありません。この価格で露天風呂もあるなどあり得ません。アルコールのフリードリンクもあります。ホテルスタッフが一生懸命頑張っているのが伝わります。朝食もいろいろ選べて満足です。また秋に泊まりにきます。,2023-07-18
源泉が73℃と熱く、ちょっと熱めに温泉調整してあり、疲労回復には、最高の硫黄温泉です。夕食、朝食共にバイキング形式ですが、好きな物を選べて良いです。フロント前には、ジュース等の飲み物お代わり自由で、お風呂上がりに最高です。,2023-06-12
まずは台風渦中の15:00〜10:00までフルに利用しました。ちょうど暴風雨が激しくなりだした現地集合。孫娘は部屋を行き来して結構楽しめて安心しましたが、普段は静かな温泉は屋根の波型塩ビ？打ち寄せる風雨の音すざまじく、すぐに退出したとの事。でも夜半に風が収まり朝風呂は結構楽しめたようです。今回は泊のみの箱根デビューでしたがイケメンスタッフ達から優しい対応をしてもらい好印象．当宿を推奨した私達もホット。。,2023-06-04
ゴールデンウィーク後の平日だったので騒がしくなく温泉も1人でゆっくり入れてラッキーでした。食事もレストランの規模の割に色々あって良かったです。お酒が無料で飲めたので昼間からいただいてしまいました！旅行ならではの楽しみですね。ありがとう御座いました。,2023-05-29
立地が良かったです。観光、美術館めぐりに便利でした。ホテルの外観はペンションみたいな感じ。スタッフの皆さんは丁寧な対応でした。建物は年季が入っているのですがリフォームされています。お食事も美味しく頂きました。オニオンスープ、パンがお気に入りです。子供さんや高齢者に優しくお料理がひと口サイズで提供されていました。温泉も湯温がちょうど良くゆっくりと入ることができ、朝風呂まで利用。合計3回も入りました。ちょっと残念だったのが…お部屋の洗面台の蛇口が閉めにくく、かなり力を入れないと止められない。テレビが電波の問題なのか　突然消えてしまったりとありました。全体的にはコスパも良くゆっくり休めたので良かったです。,2023-05-28
場所とホテルの古さのハンデをオールインクルーシブと食事の食べ放題で頑張っている。ドリンク飲み放題（アルコールも）お菓子も食べ放題，食事も食べ放題で夜はメインの料理もプラスでお腹いっぱいでした。シーフードの提供の仕方も工夫されていて、色々な種類を食べれました。パンもとても美味しかったです。,2023-05-06
山道にある宿なのでバスで行くと歩道が片側しかなくホテルに行くのには子連れは危ないです。ペンションのようなホテルですが殺伐とした感じでフロントは口コミ通り九時までしか空いてないまたフロント横に飲み物やお菓子があるとのことで楽しみにしていましたが、一口つまみでがっかり。飲み物もコーヒーとオレンジジュースとミネラルウォーターのみであとはアルコール(笑)食事も補充はまめにしてくれて気持ちよかってのですが全体的に呑む人が安くてありがたいといったかんじに思えました。年配者や子連れには向かない感じです。またこれは宿側には関係ないのか隣の子連れの客がレストランでも騒がしく、部屋でも会話がまる聞こえで話し声笑い声が11時までうるさくまたドタドタと走り回る音がして落ち着かなかったです。九時にフロントが閉まるのでどうしようもできずこれなら料金的にも他のホテルでも良かったなと思いました。,2023-04-20
日帰りの予定で箱根に来ていましたが急遽1泊することになり直前でこちらのホテルを予約して正解でした。食事、温泉よかったです！さらにチェックインからアルコールが自由に飲めるのでつい飲み過ぎてしまいました。次は夕食付きのプランで予約したいと思います。ありがとうございました！,2023-04-06
家族旅行で利用しました。事前に口コミを見たのであまり綺麗な場所を想定はしていなく。部屋も「景観を気にしない人向け」の部屋がありそちらを予約しました。景観や綺麗さを求めてた訳ではないのですが、部屋が修学旅行の学生が泊まるような雰囲気で狭かったです。又、アルコールやお菓子等食べ放題飲み放題でしたが写真のイメージとは異なりガッカリしました。まず21時でアルコールは終了となるのをチェックイン時に知り、子どもが寝てたからゆっくり飲みたかったのですがそれも出来ず。お菓子も無くなっていて種類が1〜2種のみで子どももガッカリしていました。食事は基本的に冷めていて美味しいとは思えないです。又、夜のメインディッシュを何が出てくるか出されるまで分からないので苦手な料理(食べ物)が出てこないかスリルが味わえると思います。温泉は洗い場が汚い(経年劣化)以外は良いと思います。,2023-04-02
今回、犬を一緒に連れて行ける宿を探してコスト面を考え決めた宿でした。箱根で犬も泊まれる宿は宿泊費が高い所が多く、こちらのホテルはリーズナブルに泊まれるので正直あまり期待はせずに行きました。　結果、犬同伴の部屋はとてもキレイで広く良かったです。温泉は広くはないですが良いと思います。お食事も朝夕、メイン以外はバイキングという形も良かったと思います。大きなホテルのような品数豊富とまではいかないけれど、普通に色々ありました。欲を言うとお寿司が２、３品でもあればなおさら良いなと思います。総合的には満足です。,2023-03-29
家族でお世話になりました。こちらはリーズナブルだとおもいます。お菓子がとてもユニークで美味しい、飲み物も宿代に含まれていてありがたい。バイキングも美味しかった。ただ外国人がフロントまえで大声で過ごしていて(飲んでたのでしょうね)こわかったです。温泉の質は素晴らしく化粧水のようでした。近くにユネッサン、星の王子さまもあり利用できて本当によかったです。また機会があれば行きます。食事はお味噌汁がインスタントの機械でしょっぱかったのが残念。お湯をたせばよいからいいのかもしれないけれど行ったりきたりがちょっとたいへんでした。スクランブルエッグが個人的に美味しかった。ありがとうございました,2023-03-23
芦ノ湖に近いですが、それほど価格も高くなく、リーズナブルです。また、料理は美味しく、特に夕食はお酒も飲み放題で楽しめました。フロント近くにもフリードリンクとして、お酒があり、とにかく飲みたい人にもオススメです（ちゃんとおつまみもあります）。お風呂は思ったより小さかったですが、露天風呂もあり、泉質もよいです。また、機会があれば訪問したいです。,2023-03-08
山側のツインの部屋に泊まったのですが、古く、ところどころ汚れや傷があり、修繕や管理ができてないのかなと思いました。ホテルというよりペンションです。,2023-02-07
建物自体は古いため、補修個所も見られますが、そのようなことは気にせずリーズナブルに泊まりたい人には最高だと思います。まずお食事が美味しい。何でもありのバイキングではありませんが、それでも食べられないものが多数ありました。アルコールが好きな人にはウイスキーやワイン、ハイボール、焼酎などが自由に飲めます。フロント横にはドリンクバーと個包のお菓子がありお部屋に持ち込みも大丈夫でした。温泉はかけ流しではありませんが硫黄泉でお肌がつるつるになり気持ち良かったです。室内はバス、トイレ、洗面が一緒のユニットでした。箱根は旅館が高いので躊躇しますがここは穴場ホテルとして今後も利用したいです。,2023-02-06
ドリンクバーはそんなに期待をしていなかったのですが、たくさん種類があり、おやつも常に補充されているのが良かったです！ご飯は種類が多いのに一つ一つ手の込んだメニューで、おいしくて最高でした。食事場でもお茶が用意されていたらもっと良かったなとは思います。温泉も綺麗で良かったです！アーモンドのボディーウォッシュが気に入りました♪,2023-02-04
箱根の中ではリーズナブルだったのでそこまで期待はしておりませんでしたが、価格以上の満足度でした。館内は古いところもありますが、キレイにされており、チェックインからドリンクやアルコールが飲み放題でした。食事も食べ放題でどれも美味しく、スタッフの対応も事務的ではなく親しみやすく高級ホテルのような接客は苦手なので個人的にはよかったです。温泉も硫黄の香りもして温泉を堪能できます。部屋も快適でなにより布団がよくあるシーツが取れてしまうタイプではなくしっかりとシーツに覆われた布団だったので清潔感もありぐっすり眠れました。聞いたところ高級ホテルなどでも使用しているデュべカバーというシーツを使用しているとのことでした。価格は上をみればキリがありませんが、この価格帯でこのサービスはかなりいいと思います。また利用させていただきます。,2023-01-22
フロントの方はとても丁寧な方で印象も良かったです。部屋は良くも悪くも無い感じですが、布団が少し汚く感じました。広さはちょうどよかったです。残念だったのは食事でした。女性スタッフと男性スタッフがじゃれ合っているように見えて気分が悪かったです。ホテルのディナーでは見たくありませんでした。食事もほとんど冷えていてあまり食べずに部屋に戻りました。朝ごはんは食べずに帰りました。お風呂は狭いですが、肌はツルツルになりました。綺麗ではありません。,2023-01-18
まず、箱根でこの金額は破格です。素晴らしいと思います。それでいてバイキングのディナーとモーニングが付き、チェックインから21時までお酒飲み放題なんて至れり尽くせりもいいところです。ただ、他の方も書いているように宿が全体的に寒い。部屋に入ったら暖房は付いていて心配りを感じましたがそれでも寒かったです。そしてロビーから何から何まで、照明が暗い…雰囲気があるとも言えますが、山奥で寒くて暗いというのは怖さを感じてしまう程でした。温泉も最高だし様々なサービスは素晴らしいのですが、もう少し温かく照明が明るかったらな、と思いました。,2023-01-14
タイトル通り何もない料理が美味しいという訳でもない景色が格段によいというわけでもないホントに何もないというのが率直な気持ち,2023-01-14
チエっクイン後ドリンクとお菓子は無料でした。夕食と朝食もバイキングで美味しかった。お風呂は露天風呂が浅くなっていて、あさ７時ころ入ったらぬるくなっていて入れなかった。夜中に雪が降って少し積もってたがいい体験でした。また利用したいと思います。,2023-01-13
"車から受付まで荷物持ってくれたのに、部屋３階で階段なのに部屋まで荷物持ってくれなかったのが残念。思ったより部屋は綺麗だったが、掃除が行き届いていなかったのかテーブルに埃がすごく溜まっていた。ユニットバスもきちんと掃除したのか、水が少し溜まっていて汚れていた。部屋に半露天のお風呂も付いていて良かったのだが檜が結構カビていて入る気になれなかった。値段の割に朝夕食もメニュー少なめでした。今まで行ったホテルの中で1番残念でした。これが8,000円程ならまだ納得出来るが値段の割に色々と残念な部分がたくさんあった。またお風呂行くのに食事会場を突っ切るのにのれん１枚だけってちょっとどうかなと思う。",2023-08-20
部屋は広くて、バルコニー側の風呂は2人用なので、カップルにはサイコー、家族でも子どもには受けは良い。ただ駐車場が少なく第2駐車場になったら、1キロ徒歩必要でありえない。,2023-08-17
他の方の口コミを見て少し心配でしたが、、大満足でした！！こんなにリーズナブルなお値段で美味しいご飯と素敵なお風呂を用意して頂きとてもよかったです。夕食バイキングではうなぎ、すき焼き、金目鯛の煮付けステーキ、ローストビーフ、お寿司、お刺身も全て食べ放題でした！他にも沢山料理がありました！スタッフの方々も常に笑顔で対応して下さりとても気分が良かったです！！なんで、低評価が多いのか不思議でした。お風呂は部屋風呂も大浴場も何不自由ありませんでした！神経質な方は気になる点がもしかしたらあるかも知れません！森の中のホテルなので自然の生き物が出てくる事は勿論多いです！私達夫婦は特に細かい事は気にしないのでとても素敵な旅行になりました(*´ω`*)素敵な時間をありがとうございました！,2023-08-12
部屋のお風呂が使えない為、とても安く宿泊出来たので、この値段でこのクオリティなら納得。でも辛口にコメントするなら…朝・夕ともに料理の種類は満足ですが、味はファミレス・ビジネスホテルに近いです。部屋の広さは問題ないのですが、洋室で椅子が1つしかない為、ベッドに座るしかなく…せめてもう1つ置いて欲しかったです。温泉は夜は狭くて残念、次の日の朝は男女入れ替わり、広くて満足でした。宿泊日の夕方少し遅くなってしまった為、大涌谷から宿までの行き方を電話で問い合わせた所、最終便が出た後のバスを案内されました。対応は丁寧なのにミスインフォメーションは残念。,2023-08-05
エントランス下の駐車場は台数が少ないので満車の場合徒歩15分の第二になる。平日２時に着いたがみるみる満車になった。エントランスまで坂が急でバリアフリーでないので注意、客室風呂使えない訳ありプランでコスパ良し、大浴場も露天風呂も寛げました。朝男女交代しますがもう一つは少し小さいです、バイキングは、無くなると補充されていました。メロン、桃、スイカ、パイン、ブドウのフルーツが楽しめました。,2023-07-27
客室露天風呂は最高に良かったです。部屋の広さも良くてのびのびと出来ました。大浴場の一つにはサウナも付いていて、体を整えるのに最高でした。,2023-07-26
食事は口コミではあまり良い書き込みが少なく、以前コロナ中に行った時は、確かに少し残念くらいだったのですが（コロナ中で流通的な問題もあったようですが）、今回はとても素晴らしい内容でした。若者がターゲットなのか、肉料理が多く、ちゃんとしたスキヤキや暖かいステーキが食べ放題。他の料理も美味しかったです。朝食も充実していました。少し早く到着しましたが、早めに部屋に入れて貰えました。ただ一つだけ残念だったのが、部屋の半露天風呂の脇にカップ麺の蓋が落ちていたこと。陰で見落としやすい場所でしたが、他が良かっただけに残念でした。,2023-07-19
客室露天風呂がとても良くてリラックスできたのが良かったです！食事のバイキングは、味はおいしかったのですが、あまり補充がされないのかステーキやすき焼きなどのメインの料理は早い者勝ちというかんじて食べたかったものが食べられなかったりと残念なところもありましたが、その日がたまたまそんなかんじだったのかもしれません。,2023-07-19
今回急な予約ですいませんでした。正直かなりリーズナブルだったのであまり期待していませんでしたが全体的に良かったです。特に接客が丁寧でした。また利用させて頂きます。,2023-07-13
箱根で二食付きで訳ありとあったが、部屋の浴槽が使え無いだけで、夕飯や朝食も付き、部屋も以外と広くて、カラオケ500円や卓球が無料は素晴らしいサービスだと思いました。また是非利用させて頂きたいと思います。ありがとうございました。,2023-07-11
温泉は最高なのですが、部屋の浴槽が以前は陶器の部屋に泊まって良かったのですが、今回は檜の浴槽で扉を開けるとすぐ浴槽で掛け湯が出来ないのは困ります。,2023-07-10
他の口コミで期待はしていなかったけど、思いのほか普通でした。少し早めに着いたけどスタッフは気持ち良く迎え入れてくれました。フロントの方とも普通に意志疎通出来ましたし、そつなく仕事をしてる感じがしました。部屋はツインルームでしたが、口コミで掃除がしていないとか投稿がありましたが、普通にしてありましたよ。だた、壁紙の剥がれの補修、客室風呂の目隠しは必要かと思いました。シモンズのベットでは熟睡できましたし、アメニティ−も揃ってました。食事は夕食に限っては肉料理が多すぎだと思いました。私が宿泊した日は高齢者が多数いて、味濃いめ、肉料理の多さに戸惑っていました。その日の宿泊の年齢層とかで料理の種類変更もサービスかもしれませんね！ 料理の補充や、料理の温かさは普通に出来てました。朝食は、ご飯のお供の多さにビックリしました。美味しかったです。全体的の評価で皆さんの口コミほど悪くないと思いました。,2023-06-28
部屋風呂は泉質も良く快適に過ごせました。チェックアウト時間が11時なのでゆっくり過ごせるのも良かったです。夕食・朝食のバイキングは、気のきいたビジネスホテルの朝食以下のクオリティでした。宿での食事は期待せず、前後の昼食で、箱根の美味しいものを食しておくことをお薦めします。別館にはエレベーターがなく階段での移動となるので辛いです。,2023-06-28
部屋の清潔感　部屋風呂の大きさ　ビュッフェでの食事とコスパを考えると満足です　スタッフの対応も悪くなかったけどちょっと気がついたことを書かせてもらうと駐車場からホテルの入口まで少し階段を歩きます　当日到着時に雨が降りましてなるべく入口に近い駐車場に止めたところスタッフが来て別の場所に止めるように言われましたそこは従いましたがただ私のおごりかもしれませんが傘を持ってきてくれるとか荷物を持ってくれるとかしてくれてもいいんじゃないかなと思いました,2023-06-26
露天風呂客室で露天風呂が使用出来ないと言うことで２食付で安く泊まれて良かったです。大浴場に行くのに食事会場を通って行かないと行けないのが難ですが、料金が安いので良しとします。,2023-06-24
森の中の静かなホテルでした。コスパの良いホテルで、接客や清潔感はとても良かったです。とても残念な所は、客室半露天風呂が循環式のためお湯は抜かないでくださいと説明を受けたのですが、部屋に入ったら風呂釜はお湯が入っておらず、お湯を入れて入ってお湯を抜かずに夕食を食べてお風呂に入ろうとしたら水のようになってました。入る度にお湯を抜き入れ直さなければ入れなかったです。部屋の風呂は、入りたい時に直ぐに入れなければと思います。改善をお願いします。,2023-06-02
部屋付き半露天風呂でのんびりさせて戴きました。お部屋も広くベッドも大きく、ゆったりした時間が過ごせました。愛煙家の彼は部屋でタバコを吸えるのに、大変喜んでました。只残念だったのが、温泉がかけ流しでない事と、温めてなおしが出来る機能がない、お湯を抜いてはいけない事になっているので、夜２回目に入ろうとしたら足し湯しても冷たくて長湯出来ませんでした。せっかくの部屋付き温泉に何回か入りたかったので温めてなおしだけでも出来る機能があれば良かったのに、何もないことが残念でした。せっかくの温泉、何回も入りたいワガママな私の願望ですが…。大浴場もあるのですが、レストランの中を通って行くので、食事中の方がいる時間は利用しづらいです。別の動線があれば良いなと思いました。なので朝食前の朝一に大浴場を利用させて戴き、計３回温泉を楽しませて戴きました。サラサラの気持ち良いお湯で、お風呂あがりもポカポカして気持ち良かったです。,2023-05-28
今回の旅行の目的は何もしない“でした。観光もせずとにかく部屋でのんびりする事が目的！その代わり温泉に入ってのんびりしたいなぁという願望はあったので両方が叶うとしたら客室露天風呂だっ！と思いつき検索。今回は一泊だった為、かなり早めの2、3ヶ月前からの予約で結構お得なプランでした！写真を見る限りでは綺麗めでとにかく部屋にお風呂があるというのが良かったので、もし現実的に少しさびれた状態でもよしとしようという感じでした！実際は確かに口コミでもあったように所々年季が入った場所や部屋のウインドウカーテンの一部が破損していたり、ガラス窓が一部水垢があり全てが綺麗に保たれているという訳ではありませんでした。ですが、部屋に入った瞬間は割と綺麗で広いビジネスホテルの様な印象でした。とにかく、温泉が部屋の中にあるというのが魅力！お風呂の設備にお金がかかっている様でお湯が24時間の循環式になっていました！身体などは備え付けのシャワールームで洗い、後は好きな時に温泉に入れる！とにかくのんびりとした有意義な旅行になりました！朝食、夕食はバイキングで、好きな分を好きなだけ食べられて満足でしたし、印象はビジネスホテルの朝食。夕食はちょっとしたご当地感のあるバイキング！で申し分ないのではと思います。あまりに期待して行ってしまうとえっ？こんな物なの？なんて思うかもしれませんが、料理も美味しかったですし、客室露天風呂があってそれを売りにしているそのお風呂に設備投資をしているのはしっかりとしていて好印象でした。客室露天風呂でのんびり気兼ねなく24時間好きなタイミングで温泉に入りたいという願いを見事に叶えてもらえたので満足のいく旅行になりました！小田原駅からバスで行きましたが、1時間半程で着いたので時間に余裕がある方やもう何もしないと決めている方にはお勧めです。観光するなら車がないとなかなかバス移動だと時間がかかるのでおすすめはしませんが、どこにも行かないと決めているなら良いと思います！また、行きたいかと言われたらのんびり旅行でなら都内から近場なので安いプランの時に行かせてもらおうかなと思います。,2023-05-25
バイキングのメニューがあまり多くなかった。部屋は綺麗でよかった。桃源台駅から徒歩で行ったが上り坂が大変だった。,2022-10-05
猛暑の季節ですが湖畔に面したガーデンが想像以上に心地良かったです。大浴場は夕方はやや早めにスクリーンが降りてしまうので（外から見えてしまう？）、明るいうちか朝の利用がおすすめです。なおランチも利用しましたが、コストパフォーマンス良いです。ランチのみでも再訪します。,2023-08-17
初めて箱根ホテルに泊まりました　4人部屋で部屋も大変広くて眺めても良く　家族全員満足したした　食事も豪華で大変頂きました　チェックインした時出来れば部屋まで　案内して欲しいです,2023-05-12
中学2年の孫娘とお世話になりました。孫娘は夕食のハンバーグのデミグラスソースが今まで食べた中で最高に美味しとパンも美味しくていつもはパンの追加はしない二人ですが今回追加しました。朝のバイキングには同じパンが無かったのが残念でした。モータボートも案内していただいた方も優しく安心して楽しめました。,2023-04-05
全国支援を利用して、久しぶりの箱根宿泊でした。早めに到着したためチェックアウトと重なってしまい少し待ちましたが、その時のスタッフの方がこちらの名前を憶えていて対応してくれました。宿泊者専用ラウンジやウエルカムドリンクもゆったりと利用できました。朝食は湖を眺めながらおいしくいただきました。最初から最後まで気持ちよく過ごせました。,2023-03-17
クリスマスに一泊しましたが、出迎えからチェックインもビジネスホテルと変わらないくらいの対応で、夕食もフレンチを頂きましたがこれといって美味しい！という感動はなく、普通でした。フロントにて、子供用オムツの販売などはあるか質問したところ、ありませんの一言で終わり、近くでどこに売ってるかなどの提案も何もありませんでした。ハイシーズンなので仕方ないとは思いますが、接客やトータル的に値段には見合っていなかったと思います。お部屋が広々としていたのと景色は良かったですがリピートは無いと思います。,2023-01-14
今回、お正月の家族旅行に利用させて頂きました。1泊目は和風懐石のホテルだったので、フレンチコースのこちらのホテルを選びました。富士屋系列という事で、接客も丁寧で気持ちよく、お料理も大変美味しく頂き、家族全員満足の1泊でした。娘は、違う季節に次は友達を誘って行く！との事でした。,2023-01-12
温泉地での食事は和食とイメージですが、今回はフレンチ料理でした。コース料理でしたので優雅な気分になれました。,2022-12-05
旅行支援適用だったので、前から行きたかったこちらにしました。とにかく部屋からの眺めは最高でした。ただ部屋、お風呂、料理と特別感は余り感じられないので、旅行支援がなければコスパはあまりよくないと感じました。朝食にフレンチトーストを選びましたが、こちらはとっても美味しかったです。,2022-10-18
